comuna,2020-04-13,2020-04-15,2020-04-17,2020-04-20,2020-04-24,2020-04-27,2020-05-01,2020-05-04,2020-05-08,2020-05-11,2020-05-15,2020-05-18,2020-05-22,2020-05-25,2020-05-29,2020-06-01,2020-06-05,2020-06-08,2020-06-12,2020-06-15,2020-06-19,2020-06-23,2020-06-28,2020-07-01,2020-07-05,2020-07-10,2020-07-13,2020-07-17,2020-07-20,2020-07-24,2020-07-27,2020-07-31,2020-08-03,2020-08-07,2020-08-10,2020-08-14,2020-08-17,2020-08-21,2020-08-24,2020-08-28,2020-08-31,2020-09-04,2020-09-07,2020-09-11,2020-09-14,2020-09-18,2020-09-21,2020-09-25,2020-09-28,2020-10-02,2020-10-05,2020-10-09,2020-10-12,2020-10-16,2020-10-19,2020-10-24,2020-10-26,2020-10-30,2020-11-02,2020-11-06,2020-11-09,2020-11-13,2020-11-16,2020-11-20,2020-11-23,2020-11-27,2020-11-30,2020-12-04,2020-12-07,2020-12-11,2020-12-14,2020-12-18,2020-12-21,2020-12-25,2020-12-28,2021-01-01,2021-01-04,2021-01-08,2021-01-11
Arica,88,80,72,65,77,103,105,87,61,66,49,68,117,143,163,177,248,278,328,353,358,381,408,406,495,575,655,818,859,981,984,962,861,709,779,775,778,651,643,585,592,529,565,486,468,390,402,363,399,432,515,561,552,506,485,319,316,269,226,244,259,225,188,169,146,123,112,108,108,111,144,171,163,174,171,221,238,276,365
Camarones,0,0,0,0,0,0,0,0,0,0,0,0,0,0,0,0,0,0,0,0,0,0,0,0,0,0,8,12,12,7,2,2,6,4,4,1,1,1,3,0,1,1,1,0,0,0,1,0,0,0,1,1,1,1,0,0,0,0,0,0,0,0,0,0,0,0,0,0,0,0,0,0,0,0,0,0,0,0,0
General Lagos,0,0,0,0,0,0,0,0,0,0,0,0,0,0,0,0,0,0,0,0,0,0,0,0,0,0,0,0,0,1,1,1,0,1,5,14,26,11,8,2,2,0,1,1,2,1,0,0,0,0,0,0,0,0,0,0,0,0,0,0,0,0,0,0,0,0,0,0,0,0,0,0,0,0,0,0,0,0,0
Putre,0,0,0,0,0,0,0,0,0,0,0,0,0,0,0,0,0,1,2,3,8,7,1,1,1,15,17,15,12,7,7,3,1,10,15,9,6,1,2,2,3,5,8,8,7,4,2,3,6,2,6,3,3,0,0,1,2,1,1,0,0,0,0,1,1,1,0,0,0,0,0,0,0,0,0,0,0,0,2
Alto Hospicio,8,8,7,15,19,27,38,78,93,94,118,183,246,253,252,297,265,301,235,247,243,239,218,219,205,165,137,119,144,129,128,180,190,195,203,201,222,220,248,200,196,187,177,175,183,141,116,92,92,96,95,117,102,112,118,110,110,94,79,79,80,105,87,81,48,70,79,96,90,100,112,180,198,216,214,295,261,418,426
Camina,0,0,0,0,0,0,0,0,0,0,0,0,0,0,2,3,7,7,4,3,1,1,8,10,13,7,6,3,7,3,1,3,3,2,2,8,12,13,8,2,1,0,0,0,0,0,0,0,0,0,2,5,4,4,3,1,0,0,0,1,3,4,2,5,8,5,3,4,3,1,2,1,1,0,0,2,3,4,1
Colchane,0,0,0,0,0,0,0,0,0,0,0,0,0,0,1,1,3,3,8,12,14,27,24,20,15,16,15,13,4,9,12,12,11,3,2,1,2,1,2,2,2,1,1,0,0,0,0,0,0,0,0,0,0,0,0,0,0,0,3,3,1,1,0,0,1,1,2,2,6,2,0,1,3,4,2,1,0,0,1
Huara,0,0,0,0,0,0,0,3,6,7,7,5,7,6,11,9,6,8,5,5,10,12,9,9,15,21,28,28,27,21,18,13,9,6,3,11,12,9,9,10,10,7,5,1,3,2,2,0,0,0,3,1,2,1,0,1,2,1,2,1,10,11,8,10,10,1,1,0,1,4,10,10,4,3,2,2,2,1,3
Iquique,11,8,10,10,29,38,39,63,169,206,293,371,419,469,514,532,509,521,474,547,575,548,495,417,455,433,409,344,335,344,399,483,433,380,374,387,373,353,367,299,306,272,236,255,271,280,205,179,178,183,193,221,225,203,205,184,191,213,210,199,192,224,186,198,195,245,233,237,184,203,206,344,397,488,461,568,617,896,917
Pica,9,17,21,17,13,9,0,0,3,4,4,4,1,2,7,12,15,14,8,14,15,18,17,14,29,71,69,57,39,23,26,46,48,41,33,40,53,61,57,42,39,35,32,19,9,7,8,5,9,8,12,9,10,4,2,1,2,2,5,6,14,19,16,4,2,1,0,2,4,3,1,3,5,6,5,2,1,13,36
Pozo Almonte,2,2,0,0,0,0,0,1,2,3,3,4,13,19,30,46,44,56,97,115,130,106,64,65,55,66,83,55,53,47,53,140,143,145,82,78,81,73,64,53,51,59,54,53,32,17,15,7,12,15,18,15,13,16,17,15,15,12,11,14,28,51,46,34,8,8,7,5,16,22,15,11,15,17,18,26,28,35,40
Antofagasta,49,54,62,86,121,140,158,201,235,225,296,315,296,280,239,271,251,307,349,433,526,646,780,759,905,992,1065,966,825,751,680,654,689,747,890,817,754,661,640,571,550,507,514,473,481,378,334,318,343,332,366,364,402,368,382,245,239,242,218,184,192,193,177,152,124,121,118,114,104,153,205,271,305,387,367,511,599,840,1119
Calama,12,11,10,10,9,25,33,37,32,33,57,76,76,87,98,55,73,92,221,370,746,978,923,876,814,743,726,585,494,399,413,375,313,298,272,295,277,220,207,184,200,192,185,150,140,106,95,101,119,117,132,100,100,62,45,35,37,54,42,34,22,30,39,42,44,43,38,33,24,22,23,21,41,45,36,48,67,126,172
Maria Elena,1,2,4,6,7,8,24,24,25,21,31,28,25,29,17,11,5,8,6,6,15,21,32,38,30,27,27,17,13,15,12,15,18,12,8,7,8,5,2,2,3,7,7,6,6,3,3,1,1,1,1,0,0,0,5,5,2,3,2,0,2,1,2,0,0,0,0,0,1,2,2,8,8,7,4,4,1,2,2
Mejillones,11,13,14,18,30,38,37,83,79,75,41,43,45,33,17,12,14,13,1,5,6,22,34,44,61,39,28,29,21,18,24,19,26,29,31,29,23,24,32,25,24,21,18,16,21,25,23,23,18,14,13,10,14,17,22,17,14,14,13,12,8,6,8,10,7,9,12,20,23,24,30,29,27,32,27,24,24,36,50
Ollague,0,0,0,0,0,0,0,0,0,0,0,0,0,0,0,0,0,0,0,2,2,2,4,1,2,5,4,7,10,7,5,0,0,3,3,3,0,0,0,0,0,0,0,0,0,0,0,0,0,0,0,0,0,0,0,0,0,0,0,0,0,0,0,0,0,0,0,0,0,0,0,0,1,4,3,0,0,0,0
San Pedro de Atacama,1,0,0,0,0,0,0,0,0,0,0,0,1,1,4,3,1,1,2,12,20,29,35,42,40,34,39,44,55,52,37,30,35,26,32,25,25,19,24,21,15,15,17,14,11,5,4,3,16,17,21,7,9,5,5,6,5,5,1,0,0,1,1,1,0,0,0,0,2,2,2,0,0,0,1,3,7,37,42
Sierra Gorda,0,0,0,0,0,0,0,0,2,2,5,5,4,4,0,1,0,5,7,7,7,5,2,4,4,6,6,6,9,4,10,7,8,4,6,7,3,3,0,1,2,1,1,1,1,0,1,4,4,3,2,3,7,7,6,1,1,0,0,0,0,0,0,0,0,0,0,0,0,0,2,6,7,5,0,1,1,0,1
Taltal,3,5,5,5,4,0,0,1,1,1,8,7,12,12,4,8,8,7,6,4,10,15,10,11,11,15,22,27,27,17,16,6,7,16,16,17,11,20,17,13,10,2,0,5,5,4,4,6,10,8,9,2,4,11,11,4,3,3,0,0,0,7,12,6,0,0,0,0,2,2,9,11,8,13,11,10,17,7,5
Tocopilla,1,3,8,4,1,0,1,2,2,3,6,8,6,6,5,2,3,3,5,7,15,28,42,41,74,58,49,36,25,16,22,17,8,11,12,9,13,12,16,24,32,20,12,2,3,2,3,5,7,3,9,4,7,4,4,5,7,11,11,5,5,3,2,5,5,3,0,0,2,9,9,8,8,14,8,8,13,18,23
Alto del Carmen,0,0,0,0,0,0,0,0,0,0,0,0,0,0,0,0,1,2,1,2,3,2,1,0,1,1,2,2,1,0,1,1,0,0,0,5,18,20,18,7,1,1,1,0,0,1,3,2,3,3,2,2,1,0,0,0,0,0,0,0,0,0,0,0,0,1,2,2,0,2,2,0,0,0,0,0,0,0,1
Caldera,0,0,0,0,0,0,0,1,1,3,3,3,3,1,2,2,4,4,4,5,7,7,8,19,23,13,13,11,15,22,24,21,19,25,39,62,77,58,61,52,57,28,19,2,4,9,20,22,18,8,3,4,6,8,6,4,4,6,6,8,4,1,1,0,5,5,4,0,1,5,7,7,14,35,35,20,8,13,16
Chanaral,0,0,0,0,0,0,0,0,0,0,0,0,0,0,1,1,1,0,2,2,4,15,12,7,3,3,6,13,9,5,9,11,9,7,12,19,18,17,17,7,16,28,33,48,44,24,23,7,8,2,2,1,1,1,0,1,1,2,1,1,0,0,3,3,3,0,1,1,0,0,0,0,0,0,0,1,3,7,6
Copiapo,5,5,5,4,0,0,11,26,32,43,36,33,34,25,32,46,55,89,111,120,158,158,196,201,213,213,275,240,264,309,419,581,673,685,841,787,735,515,478,358,319,185,162,127,165,201,190,131,97,86,88,99,104,103,111,88,99,90,57,25,13,12,14,18,11,11,23,20,11,22,22,22,29,45,35,37,98,124,146
Diego de Almagro,0,0,0,0,0,0,0,1,1,2,1,1,2,5,8,5,4,2,3,7,13,6,7,7,5,14,14,10,4,2,3,3,2,4,4,12,31,51,49,38,40,52,36,22,11,18,13,15,26,32,30,41,46,42,43,16,23,20,18,6,3,2,2,7,7,5,0,0,0,3,2,1,3,4,2,3,3,2,8
Freirina,0,0,0,0,0,1,1,0,0,0,0,0,0,0,0,0,0,0,1,1,3,5,12,8,14,19,17,28,23,16,4,10,8,10,15,27,35,35,29,21,18,12,8,13,9,14,12,12,10,23,20,20,15,11,5,2,2,2,1,0,0,0,0,1,1,2,2,2,1,0,0,1,6,7,6,2,2,3,4
Huasco,0,0,0,1,0,0,0,1,1,1,0,0,0,0,0,0,1,4,7,6,4,6,5,5,5,5,3,2,1,1,4,6,7,6,3,2,8,11,15,20,19,7,13,21,30,24,26,33,38,28,26,14,18,13,15,9,11,5,18,12,2,8,9,11,23,36,29,19,4,5,3,1,0,0,0,0,0,0,0
Tierra Amarilla,4,4,4,2,0,1,2,4,2,12,13,10,5,0,1,1,2,3,6,10,12,21,17,13,8,17,33,28,32,25,41,47,62,63,71,59,59,46,43,22,31,25,23,13,10,7,7,4,7,13,14,18,38,35,36,11,6,6,3,1,1,3,5,5,5,5,6,7,3,1,0,5,14,11,2,2,1,8,12
Vallenar,0,0,0,0,7,12,12,14,13,19,15,13,5,5,5,10,16,27,27,33,51,76,80,97,93,103,107,72,74,63,48,40,47,33,49,44,68,74,80,80,76,97,117,149,145,118,152,181,198,167,149,119,93,65,70,24,23,29,24,15,15,23,18,34,28,25,24,35,38,31,19,21,18,20,20,21,12,24,21
Andacollo,0,0,0,0,0,0,0,2,3,2,1,1,0,0,1,1,3,4,6,2,0,4,10,8,8,3,2,1,5,4,4,2,2,6,6,6,6,11,15,18,21,18,21,26,34,31,24,21,16,15,20,18,16,8,7,2,2,2,1,0,0,0,1,1,1,1,2,1,0,0,0,0,1,1,2,0,0,4,6
Canela,0,0,0,0,0,0,0,0,1,1,0,0,1,1,0,0,0,0,2,2,1,0,5,7,8,6,4,2,0,2,5,2,2,3,2,9,14,20,22,28,13,13,9,10,7,2,5,9,13,13,5,2,3,3,3,4,3,1,3,2,2,0,0,0,0,0,0,0,1,1,1,2,2,3,2,2,2,6,6
Combarbala,0,0,0,0,0,0,0,0,0,2,1,3,3,3,1,3,3,8,4,1,8,10,7,1,1,1,1,1,2,1,0,1,2,4,4,2,3,9,12,17,15,10,4,4,3,4,6,4,2,3,3,3,4,5,4,6,5,4,2,1,1,0,1,2,4,5,21,21,21,3,3,3,5,6,2,1,0,7,9
Coquimbo,1,2,0,2,3,4,6,8,9,11,14,17,11,9,17,16,55,95,102,127,177,190,235,223,248,278,310,325,357,377,434,432,414,389,435,419,417,418,473,482,502,379,349,258,282,208,185,126,149,160,160,111,102,86,87,46,37,43,37,29,25,30,28,28,33,41,56,49,48,46,51,67,80,74,53,79,73,118,117
Illapel,13,12,10,7,0,0,0,1,1,1,0,0,0,0,2,5,8,20,20,10,21,27,25,42,46,85,69,53,57,22,10,28,33,39,43,28,20,27,42,36,25,17,19,22,29,24,22,17,35,33,39,20,18,10,11,9,9,3,3,3,2,0,0,1,1,4,4,4,4,1,0,8,9,6,4,2,2,1,4
La Higuera,0,0,0,0,0,0,0,0,0,0,0,0,0,0,0,1,2,0,2,2,2,2,1,0,2,7,5,6,10,21,28,23,19,21,28,26,16,6,3,5,5,5,1,0,1,4,2,1,1,1,1,0,0,0,0,0,0,0,0,0,0,0,0,0,0,0,0,0,0,0,0,1,1,1,0,0,2,4,5
La Serena,2,1,1,2,4,5,3,9,12,17,26,28,41,35,38,60,44,66,93,116,175,196,238,198,242,281,281,344,377,329,366,398,413,405,427,381,308,268,275,254,259,245,253,231,236,170,135,99,73,79,97,112,103,96,82,49,48,42,37,35,19,22,14,14,28,43,42,34,39,53,54,62,55,72,64,89,85,115,140
Los Vilos,0,0,0,0,0,0,0,0,0,0,0,0,0,0,0,2,1,2,3,4,7,8,17,27,28,18,11,9,6,6,23,26,22,23,14,29,31,29,35,39,26,22,24,31,39,27,23,17,18,24,20,14,12,10,11,4,4,7,5,3,0,1,0,1,0,1,1,5,2,6,3,6,4,9,6,13,12,21,29
Monte Patria,0,0,0,0,0,0,0,0,0,0,3,3,13,13,9,20,17,14,17,24,40,46,33,36,37,32,28,22,24,23,16,12,17,21,24,29,36,40,53,61,59,41,33,26,32,35,29,15,20,16,16,16,10,11,7,5,7,10,5,3,4,6,7,6,1,12,11,6,10,12,17,20,22,25,21,27,25,23,26
Ovalle,0,1,0,0,0,0,1,2,5,13,20,27,24,23,26,50,55,101,108,125,203,201,180,160,144,108,122,93,85,79,63,87,89,115,131,167,248,237,296,301,277,231,214,176,179,147,135,105,116,103,94,63,47,39,39,23,22,11,6,9,13,17,18,36,51,54,57,69,120,130,119,134,120,124,73,84,76,77,113
Paiguano,0,0,0,0,0,0,0,0,0,0,0,0,0,0,0,2,3,2,0,1,4,2,0,0,0,0,1,1,2,1,0,2,2,2,1,0,0,0,4,2,0,3,0,2,2,3,5,7,11,7,5,3,1,0,0,1,1,0,0,0,0,0,0,0,0,0,0,0,0,0,0,0,0,0,0,2,2,1,1
Punitaqui,0,0,0,0,1,1,1,2,4,6,5,1,0,0,2,3,5,11,10,3,7,7,9,10,7,11,12,10,18,18,17,9,5,5,5,15,15,21,26,24,18,11,17,13,11,19,14,7,6,7,8,3,0,1,5,7,4,1,2,2,2,6,10,4,4,7,8,8,12,8,7,13,12,5,8,11,11,10,9
Rio Hurtado,0,0,0,0,0,0,0,0,0,0,0,0,0,0,0,3,4,5,6,5,3,1,0,0,2,5,4,2,1,2,3,4,3,2,3,5,10,6,3,1,1,0,1,2,3,3,3,1,0,0,0,0,0,0,1,1,0,0,0,0,0,0,0,0,0,0,2,0,1,0,0,1,2,3,1,1,0,4,7
Salamanca,3,3,3,3,1,1,0,1,2,3,2,0,1,1,2,6,7,16,15,7,7,4,4,3,3,7,9,8,14,8,31,37,36,30,16,5,11,16,16,11,11,11,17,17,21,12,9,4,16,17,11,3,4,6,8,5,5,5,3,3,0,3,2,1,1,3,4,2,2,4,4,6,6,4,6,6,2,5,17
Vicuna,0,0,0,0,0,0,0,1,1,1,4,3,2,4,4,2,3,4,2,3,2,2,3,3,5,14,12,15,44,43,32,12,11,14,21,14,19,10,18,17,18,26,32,41,34,27,23,19,23,18,12,9,5,7,5,2,1,0,0,2,3,5,5,6,3,4,4,2,1,2,1,7,12,8,2,5,5,4,8
Algarrobo,0,0,0,0,0,1,1,1,1,2,5,9,13,7,5,8,6,12,17,18,19,10,10,8,6,2,3,3,3,2,0,0,0,0,0,0,2,2,3,14,18,17,15,11,8,4,6,5,3,2,12,14,12,7,3,12,15,14,15,19,8,3,2,0,3,3,12,17,17,8,2,6,5,5,4,4,3,2,12
Cabildo,0,0,0,1,0,3,4,5,2,2,1,1,2,3,4,3,5,9,7,4,24,39,55,46,47,29,32,44,27,16,12,11,5,5,4,10,15,19,25,24,30,22,27,20,23,26,20,16,16,17,10,6,8,4,7,4,2,3,4,8,7,2,5,2,4,11,14,7,4,5,2,3,3,2,4,9,18,38,38
Calera,1,3,5,6,9,9,3,2,0,3,5,6,13,12,12,16,19,21,33,42,56,81,90,96,97,101,109,117,94,112,122,95,82,85,111,132,149,111,91,87,104,101,122,101,79,58,37,38,47,37,30,24,30,25,33,17,14,15,13,14,15,17,17,17,12,13,12,10,9,6,4,9,8,13,8,19,18,24,26
Calle Larga,2,2,3,4,2,1,0,0,4,4,5,2,9,10,20,17,18,29,23,20,23,33,36,25,27,34,31,22,17,4,9,9,11,22,19,20,34,33,24,5,7,12,16,10,7,7,9,8,12,11,24,20,18,12,14,8,5,7,5,13,14,10,10,9,5,4,7,10,10,7,8,8,8,10,13,6,9,16,8
Cartagena,2,2,0,0,4,4,6,4,6,5,8,5,6,8,9,10,11,12,13,9,15,17,26,28,20,15,15,15,15,12,12,10,13,15,8,9,9,11,10,17,16,5,10,12,14,11,13,16,30,39,33,26,19,7,8,3,4,4,8,4,1,5,6,6,4,5,6,5,13,13,4,10,12,17,14,18,11,8,9
Casablanca,2,1,1,1,0,0,0,0,1,1,10,9,10,10,7,5,8,13,21,20,31,20,39,32,31,18,16,16,13,19,27,23,29,57,72,81,81,51,41,21,25,33,27,20,25,23,21,9,20,26,23,17,9,9,10,5,5,4,2,7,8,3,16,21,14,12,23,15,23,20,19,12,26,30,39,42,27,46,51
Catemu,0,0,0,0,0,0,0,1,1,1,1,3,3,4,2,2,8,15,14,17,19,8,15,15,19,14,10,14,14,10,14,21,24,32,34,29,27,29,26,33,36,49,39,36,29,20,11,7,17,21,23,12,22,18,27,17,10,7,1,6,6,5,1,0,0,1,1,1,1,2,3,3,4,6,4,0,5,9,8
Concon,1,2,1,1,3,4,8,6,6,5,6,11,12,8,6,15,12,20,26,33,42,31,61,66,103,96,92,72,51,37,25,22,21,26,26,31,36,36,32,33,31,41,37,37,37,37,33,21,19,24,28,31,32,21,17,14,13,19,22,26,32,26,15,22,28,30,22,22,26,34,35,36,42,40,28,31,45,63,59
El Quisco,2,3,2,4,3,3,1,1,5,7,9,9,7,7,13,12,18,12,14,12,8,8,10,11,15,28,21,18,13,15,16,14,12,10,13,13,16,25,25,13,11,18,32,49,52,34,30,16,15,15,13,9,12,13,14,5,3,5,5,1,1,3,6,5,5,2,5,2,1,1,2,15,15,11,8,9,4,9,8
El Tabo,0,0,1,1,3,2,5,3,1,3,10,7,8,5,6,9,20,23,14,1,14,20,20,38,45,26,24,16,9,9,11,21,20,27,19,14,9,8,4,5,3,1,13,25,23,16,6,7,9,3,7,7,6,3,1,2,3,4,6,1,0,0,0,0,5,5,4,3,3,2,1,4,5,6,5,9,8,9,7
Hijuelas,0,0,0,1,0,0,0,0,0,0,1,2,4,5,10,10,13,9,7,11,17,25,24,27,26,22,27,30,33,33,23,21,24,25,43,32,32,25,20,16,19,21,20,19,20,11,14,4,4,3,5,22,27,24,14,0,1,1,1,1,1,2,2,1,0,1,2,2,4,5,5,7,4,4,2,5,4,6,18
Isla de Pascua,3,1,0,0,0,0,0,0,0,0,0,0,0,0,0,0,0,0,0,0,0,0,0,0,0,0,0,0,0,0,0,0,0,0,0,0,0,0,0,0,0,0,1,0,0,1,0,3,0,0,0,0,0,0,0,0,0,0,0,0,0,0,0,0,0,0,0,0,0,1,1,1,0,0,0,0,0,0,0
Juan Fernandez,0,0,0,0,0,0,0,0,0,0,0,0,0,0,0,0,0,0,0,0,0,0,0,0,0,0,0,0,0,0,0,0,0,0,0,0,0,0,0,0,0,0,0,0,0,0,0,1,1,0,0,0,0,0,0,0,0,0,0,0,0,0,0,0,0,0,0,0,0,0,0,0,0,0,0,0,0,0,0
La Cruz,3,2,2,2,0,0,1,2,6,8,8,6,5,2,3,2,5,8,10,11,14,15,15,22,27,20,19,21,23,28,37,33,35,32,32,23,21,24,23,21,28,23,30,31,35,24,20,9,16,23,21,26,18,13,12,11,8,7,10,15,17,8,6,7,9,11,11,4,3,2,4,6,9,10,7,5,3,18,27
La Ligua,1,0,0,0,0,0,0,1,1,1,0,1,5,6,7,4,11,22,10,19,52,45,44,41,42,40,50,42,35,40,42,35,38,55,57,72,76,91,89,87,93,65,73,56,50,39,30,29,26,52,66,66,56,33,29,18,15,11,11,6,7,7,7,7,9,18,19,17,13,15,14,19,17,21,22,41,52,62,71
Limache,6,8,11,11,11,4,0,0,2,5,23,21,24,23,15,12,29,35,55,61,123,130,124,109,108,110,109,88,51,57,56,40,41,54,93,119,91,69,74,74,78,78,65,57,42,34,23,30,34,28,27,24,25,27,34,17,18,14,10,14,12,11,16,18,14,11,19,25,26,13,14,16,15,8,7,22,24,39,41
Llaillay,0,0,0,0,0,0,2,2,2,2,7,9,25,26,25,14,14,23,22,30,27,33,40,37,35,31,51,54,44,23,28,33,28,29,35,34,23,16,14,32,45,39,40,36,35,25,25,17,20,11,20,28,38,42,39,23,19,19,17,16,15,20,11,6,1,1,4,10,10,11,5,12,12,9,12,9,18,25,28
Los Andes,3,4,4,4,1,0,2,2,8,16,17,18,43,50,56,49,55,94,94,113,116,145,132,132,119,100,104,91,86,83,79,63,54,34,36,40,34,20,20,26,31,36,57,58,57,48,47,42,53,69,72,74,63,36,33,30,23,12,14,17,23,22,18,11,2,3,3,10,12,14,10,32,27,27,27,28,43,59,69
Nogales,0,0,0,0,0,0,0,0,0,1,2,3,6,6,4,4,8,7,5,9,18,17,18,19,14,22,20,25,22,34,42,41,32,46,41,46,53,43,49,67,71,50,40,25,29,32,22,10,6,11,15,11,16,14,17,9,11,10,12,6,3,0,0,0,3,3,5,3,1,3,4,12,12,17,16,19,15,20,23
Olmue,1,1,2,0,0,0,0,0,0,0,1,1,3,4,7,8,4,4,5,7,17,21,12,12,11,17,26,17,8,17,24,20,19,14,38,33,43,39,42,38,28,16,13,14,15,7,4,2,4,5,10,16,16,17,18,13,12,5,4,4,3,3,2,2,3,4,2,2,3,3,6,13,9,8,6,4,6,3,5
Panquehue,0,0,0,0,0,0,0,0,0,0,1,1,1,2,4,1,3,4,5,6,15,11,16,10,8,5,14,23,20,25,26,18,9,3,2,2,3,2,4,3,5,4,4,2,0,0,1,1,1,2,2,2,3,2,3,1,1,0,0,0,0,0,0,1,2,2,1,0,0,1,1,0,0,1,1,0,0,3,3
Papudo,0,0,0,0,0,0,0,0,0,0,0,0,4,3,3,2,6,6,3,5,16,16,11,6,7,10,7,5,2,2,5,4,8,10,15,12,6,9,9,9,6,5,7,7,9,14,23,33,26,18,14,12,12,9,5,2,2,1,2,1,2,1,0,0,1,1,1,0,0,0,3,1,3,1,1,0,0,2,6
Petorca,1,0,0,0,0,0,0,0,0,1,1,1,3,4,4,2,7,6,7,3,3,6,13,12,12,16,13,7,6,4,9,6,10,23,21,16,14,14,19,15,19,14,18,7,3,3,6,8,7,2,1,0,1,4,4,3,4,0,0,0,1,0,0,0,2,5,5,4,4,5,5,1,0,4,2,2,3,5,4
Puchuncavi,0,0,0,0,0,0,0,0,0,0,0,0,4,2,1,3,6,10,14,25,27,25,27,29,23,15,17,13,6,3,5,8,9,14,10,12,16,15,11,5,4,10,13,15,12,6,5,3,3,4,5,5,3,3,5,5,5,6,3,2,3,2,1,1,2,2,5,5,6,2,4,11,19,19,11,12,4,6,7
Putaendo,0,1,1,4,3,2,1,1,2,5,5,5,6,7,2,4,8,21,27,27,31,32,38,39,41,30,29,25,12,11,18,19,22,15,20,14,12,8,8,7,3,4,8,13,16,20,19,18,12,13,19,18,20,14,11,4,3,0,3,4,2,10,15,10,9,6,4,0,1,1,0,0,3,5,5,11,13,14,10
Quillota,5,5,6,4,2,2,3,4,5,6,11,18,17,11,7,15,20,37,84,121,236,211,263,227,247,274,232,177,96,92,95,97,96,129,134,139,150,154,162,144,125,127,117,93,77,66,53,36,37,54,43,37,38,45,39,28,27,22,10,17,22,27,23,25,21,17,15,25,28,39,42,49,37,39,41,68,50,64,64
Quilpue,7,5,5,5,4,3,9,8,12,15,34,41,40,42,37,47,61,64,60,71,172,162,243,227,233,219,226,196,103,94,80,74,75,100,125,157,176,143,135,100,118,130,136,149,182,159,107,103,118,119,134,163,176,152,143,105,108,107,100,94,90,78,79,103,89,99,99,89,90,108,110,98,91,96,88,107,95,121,158
Quintero,0,0,0,0,3,6,4,1,4,4,10,15,9,10,11,20,20,30,27,36,53,42,53,47,44,22,25,37,32,26,20,15,10,14,7,10,12,14,10,12,18,28,33,15,13,12,13,11,25,16,17,21,21,17,25,23,19,16,16,12,13,22,25,19,11,6,12,16,20,11,9,13,16,19,17,16,17,34,46
Rinconada,2,2,2,1,1,0,0,0,0,0,0,2,7,13,15,16,20,14,19,21,24,26,31,23,22,17,19,18,16,13,13,10,5,4,0,0,0,1,1,1,2,2,2,1,1,2,1,0,1,4,4,7,7,9,10,5,4,3,0,1,2,0,1,0,0,1,1,1,3,3,0,4,1,6,6,6,4,4,2
San Antonio,10,8,17,16,20,20,27,34,57,48,59,69,84,60,82,74,100,127,125,83,98,136,117,114,109,106,99,75,76,85,85,79,81,77,64,68,97,96,107,81,100,96,99,58,64,47,30,29,53,64,57,36,40,19,9,2,7,14,24,18,8,7,2,1,2,1,2,1,7,12,10,31,50,55,47,77,92,97,96
San Esteban,0,0,0,1,1,3,2,2,2,5,5,3,4,6,4,4,11,19,20,20,23,32,32,33,38,28,42,33,27,24,17,14,16,14,14,9,15,10,11,6,12,11,9,7,6,8,12,9,9,14,22,23,24,13,21,19,17,6,3,1,2,6,6,4,2,7,7,2,3,4,6,7,9,11,8,10,11,15,28
San Felipe,1,0,0,0,0,0,3,2,4,7,18,23,52,49,52,40,64,113,132,138,211,173,154,155,158,117,113,70,41,48,48,28,49,95,132,130,109,78,53,38,40,45,47,64,76,84,72,65,74,94,92,75,66,59,71,47,36,19,19,25,34,45,50,30,23,22,15,21,25,24,29,37,37,47,41,56,71,76,79
Santa Maria,0,0,0,0,0,0,11,13,12,9,3,1,6,4,6,4,4,15,21,15,40,46,39,28,28,33,30,20,24,21,17,16,23,24,19,7,12,16,14,24,21,11,6,7,10,14,17,21,17,8,17,17,18,13,10,2,1,1,1,8,12,7,3,2,2,2,3,3,2,7,8,3,1,4,4,9,12,11,7
Santo Domingo,2,6,5,4,5,3,4,5,3,3,7,6,8,5,0,2,6,10,24,22,32,13,13,8,13,8,9,7,4,3,3,2,3,2,1,0,2,9,9,10,17,16,16,6,9,7,2,1,1,1,0,1,3,3,8,14,14,4,1,0,0,1,1,1,0,0,0,0,0,0,1,3,5,10,9,12,7,14,8
Valparaiso,15,12,15,18,16,11,34,40,83,78,93,105,93,109,114,153,218,263,296,380,659,627,618,500,490,417,467,425,337,305,288,296,289,372,404,408,398,365,408,412,424,449,450,492,473,396,318,242,250,299,303,264,277,228,229,172,161,140,135,146,168,187,153,157,159,188,212,201,167,208,183,220,252,304,261,318,343,445,538
Villa Alemana,1,1,1,0,1,2,3,5,18,25,33,28,45,33,30,33,74,88,70,73,190,218,220,167,189,203,206,159,99,92,73,63,79,109,116,150,157,153,148,119,139,145,149,173,167,167,125,98,119,116,116,114,121,134,151,101,90,76,50,34,45,61,58,60,51,58,64,63,45,37,54,75,69,64,71,96,96,140,171
Vina del Mar,15,12,14,18,17,17,23,29,51,69,103,122,132,120,136,186,218,234,252,290,430,401,552,474,479,405,419,347,254,232,217,200,234,304,337,375,433,427,426,382,391,445,419,400,409,366,285,226,272,304,302,265,263,214,226,141,128,120,107,108,121,143,126,135,165,156,145,192,219,205,220,242,254,251,208,263,279,395,441
Zapallar,0,0,0,0,0,0,0,0,0,0,0,0,0,0,0,0,0,0,0,0,3,12,18,17,14,14,17,14,11,11,10,6,3,5,12,12,11,8,8,4,9,13,9,9,10,11,10,5,9,5,2,1,1,4,6,0,0,1,1,0,0,0,1,1,2,4,4,4,3,2,2,5,7,8,4,3,5,14,17
Alhue,0,0,0,0,0,0,0,0,0,0,0,0,0,1,1,1,0,1,5,2,24,27,18,22,25,36,40,41,30,24,26,23,27,16,26,35,44,38,33,36,36,21,33,36,34,23,15,7,9,13,15,8,7,6,5,2,7,21,18,3,4,3,1,0,1,1,6,7,3,1,1,0,0,0,0,0,4,5,4
Buin,15,13,12,17,16,16,27,33,46,68,112,121,150,162,102,108,106,133,215,182,313,276,239,222,194,195,197,193,152,125,123,89,77,84,123,144,123,91,81,89,98,100,112,119,104,76,61,87,96,97,101,82,84,59,61,34,38,44,45,40,36,30,21,23,39,40,27,26,33,47,50,65,60,39,40,50,63,77,69
Calera de Tango,1,0,1,5,5,5,3,1,5,7,10,11,19,29,32,26,24,45,46,42,78,81,86,81,85,53,42,45,36,32,22,18,15,12,15,14,12,15,15,25,23,29,33,20,19,5,7,8,13,13,11,9,2,5,6,6,5,9,6,5,9,16,9,3,1,3,5,6,4,11,12,14,9,6,5,11,7,10,13
Cerrillos,13,18,23,19,24,29,66,169,200,186,161,141,199,211,179,186,139,137,171,211,381,318,281,247,216,208,203,147,123,120,115,105,123,83,74,70,55,51,47,39,44,42,53,52,60,61,51,49,40,37,33,42,59,48,47,27,26,22,20,28,25,25,28,27,18,17,12,26,30,26,30,36,32,25,30,41,32,54,72
Cerro Navia,26,28,40,53,51,50,76,103,125,167,161,157,211,173,182,221,257,295,312,322,686,572,558,461,391,304,274,255,200,167,144,136,151,199,227,177,167,132,137,122,139,113,105,100,116,119,98,81,85,83,73,55,65,56,62,26,25,26,29,45,46,59,68,73,67,75,73,68,58,47,54,67,64,73,76,102,96,150,128
Colina,20,15,15,17,16,20,35,48,105,149,256,255,347,393,395,377,397,431,416,413,505,439,407,348,320,247,226,195,167,112,87,67,70,74,86,91,78,79,81,105,111,116,114,113,123,95,79,64,76,74,65,69,54,58,62,43,35,46,35,30,31,25,23,31,51,65,47,28,33,34,46,50,63,60,49,79,87,96,99
Conchali,24,26,28,35,37,49,75,150,199,208,263,245,317,320,292,294,337,355,367,344,611,573,544,458,402,340,318,253,201,145,123,124,132,142,130,98,123,104,122,119,121,102,101,108,126,120,105,67,81,68,62,61,59,45,58,58,60,57,50,47,35,37,48,45,38,41,43,46,49,63,66,80,62,43,37,81,92,72,81
Curacavi,6,4,4,2,0,0,4,8,9,15,37,41,49,62,82,122,130,145,108,103,127,94,88,68,78,73,74,65,60,56,52,38,38,38,38,33,45,41,38,36,66,59,70,35,37,38,31,26,22,15,10,6,9,8,8,5,4,9,19,24,17,18,15,19,18,12,15,32,41,45,35,41,43,36,21,37,39,49,33
El Bosque,47,42,51,57,51,66,93,114,175,200,268,283,401,352,317,310,396,519,517,592,833,692,634,531,537,488,436,351,280,241,206,185,162,135,131,104,106,89,98,116,129,135,129,119,108,98,80,64,77,76,67,81,81,72,62,76,71,67,58,58,55,65,47,64,61,55,58,61,48,71,88,102,80,85,86,114,105,140,144
El Monte,8,4,6,3,2,4,9,8,10,9,2,15,25,23,28,35,35,37,56,44,135,157,163,129,129,117,120,87,80,66,56,47,63,42,57,59,46,29,16,12,14,19,20,18,17,26,23,25,43,40,40,23,22,25,32,15,6,3,12,8,4,6,10,7,4,10,18,12,7,4,6,14,16,10,10,8,12,25,36
Estacion Central,34,39,41,53,66,95,177,252,277,303,401,406,476,446,361,439,428,452,451,436,711,595,535,442,393,290,298,277,246,189,156,127,123,111,106,111,105,98,99,95,117,102,105,83,68,62,58,53,56,47,64,68,75,72,74,54,52,56,54,50,57,59,42,46,46,43,43,75,83,87,80,100,90,85,87,110,90,139,125
Huechuraba,19,21,22,21,22,19,35,55,108,120,164,148,229,225,174,200,179,187,246,204,305,326,332,265,204,165,177,131,124,102,117,110,115,107,112,103,113,87,78,66,67,73,78,71,74,60,56,44,31,42,52,51,49,52,54,39,40,41,34,43,51,46,34,36,37,35,43,36,36,34,33,52,59,53,40,41,44,61,65
Independencia,27,28,44,68,127,159,257,354,424,440,457,369,389,403,480,482,486,462,434,380,518,445,388,318,262,230,262,223,192,145,132,119,136,136,138,123,121,106,112,115,138,147,139,104,103,83,76,51,63,76,87,83,83,93,115,59,46,35,27,26,33,32,33,26,23,24,30,43,45,46,50,58,66,56,47,72,83,115,108
Isla de Maipo,7,5,3,1,0,2,3,4,3,6,8,7,14,10,15,20,18,19,28,32,69,71,95,77,94,83,89,109,91,120,139,122,89,98,105,93,64,49,53,47,86,61,41,21,24,17,20,21,23,31,32,33,31,26,37,36,49,68,61,29,20,16,14,12,7,8,8,14,12,13,14,17,18,7,4,11,15,16,18
La Cisterna,21,24,23,28,26,30,52,64,92,114,159,180,280,221,165,225,251,296,342,298,399,361,307,239,205,184,154,139,121,93,90,82,74,77,75,69,74,61,68,71,67,71,64,69,74,47,43,45,52,49,37,40,53,55,65,52,45,25,43,49,43,19,17,25,27,29,37,32,37,36,24,50,53,61,60,61,57,55,54
La Florida,72,62,77,78,82,112,166,262,427,554,786,878,971,1226,1113,1082,931,1087,1169,1184,1425,1251,1265,1149,972,697,638,553,482,389,337,281,272,273,281,276,260,194,213,216,229,264,290,300,291,277,238,217,212,196,182,162,168,179,198,121,115,95,110,110,105,102,115,102,121,147,163,156,144,156,156,200,229,226,214,247,254,300,299
La Granja,26,22,20,24,22,33,60,107,155,184,382,456,586,789,769,702,400,529,515,501,786,641,628,484,454,396,373,261,162,156,141,121,109,84,102,118,112,72,80,60,73,67,79,76,74,71,82,91,97,95,99,88,86,66,62,47,52,44,40,41,36,40,48,58,60,57,52,42,32,30,31,39,49,53,57,85,69,72,87
La Pintana,34,38,44,55,53,96,126,156,228,237,403,480,524,568,683,752,632,730,748,756,1110,877,780,672,613,450,403,344,289,317,302,254,239,253,314,270,243,194,231,202,182,187,191,172,166,121,99,82,92,102,94,87,85,92,104,66,73,80,73,62,73,77,71,59,77,69,85,79,77,70,67,70,61,65,58,77,83,144,169
La Reina,15,13,12,10,7,24,42,66,83,87,101,110,140,179,221,188,152,161,164,181,275,241,216,180,174,158,154,106,80,57,51,43,44,56,59,54,57,68,77,73,64,37,37,36,37,41,36,31,39,55,61,52,50,43,45,20,15,35,26,30,28,27,26,27,24,18,22,21,23,27,38,42,38,42,37,59,60,57,54
Lampa,18,17,14,12,16,23,38,49,86,86,129,114,149,221,231,198,154,189,210,221,415,348,308,241,227,225,239,193,185,146,126,76,70,98,116,111,112,78,74,76,88,75,88,82,78,52,50,38,42,43,44,45,49,49,44,18,15,16,37,47,41,36,35,34,31,21,20,29,24,22,25,37,46,46,46,49,54,52,59
Las Condes,47,38,37,34,41,37,80,133,235,287,410,415,542,641,649,643,551,534,505,471,567,520,418,368,336,285,266,220,187,173,161,125,124,116,110,119,124,128,139,132,131,114,119,118,148,168,150,146,150,167,192,185,166,150,163,114,116,107,87,88,94,97,73,76,88,97,122,122,113,125,132,157,152,174,179,225,206,249,245
Lo Barnechea,23,25,38,47,41,46,73,92,165,171,201,188,243,274,259,261,206,207,229,194,261,224,142,121,120,106,89,79,64,70,76,64,75,76,76,87,80,87,100,102,106,82,93,65,69,44,34,32,44,62,60,73,79,73,66,41,42,39,39,66,61,43,22,44,51,39,38,35,36,40,52,107,99,73,65,94,68,91,129
Lo Espejo,37,33,33,30,23,40,57,75,104,117,235,255,331,251,167,245,253,347,437,348,470,433,430,362,315,228,210,209,186,157,131,119,114,139,105,109,73,78,79,95,89,95,100,95,92,84,79,56,63,68,62,61,48,31,43,36,34,22,30,33,21,34,37,40,49,54,42,38,28,40,42,48,38,48,48,34,37,61,66
Lo Prado,18,14,26,34,34,48,95,118,127,138,130,118,169,141,140,148,159,194,202,219,405,409,431,316,297,261,254,281,267,227,155,120,107,149,159,153,132,128,115,126,142,137,154,143,112,82,62,45,41,47,56,74,72,66,47,35,51,57,57,50,35,41,38,37,33,33,28,29,37,44,41,45,44,56,68,85,100,109,99
Macul,15,9,13,16,32,45,62,89,146,180,255,322,391,404,337,403,296,315,379,396,567,491,455,361,296,252,242,206,177,124,110,128,129,129,93,88,88,99,97,77,78,89,93,79,74,73,75,63,68,80,80,77,79,58,50,32,35,35,44,46,39,33,34,51,38,48,48,42,49,70,72,99,88,91,79,99,85,122,123
Maipu,81,81,102,108,103,118,144,195,260,323,529,513,772,890,873,929,868,963,1041,1067,1758,1542,1460,1197,1128,904,851,689,552,465,408,372,374,344,376,369,330,300,294,329,320,286,292,344,337,338,307,306,346,335,312,255,274,286,301,206,191,147,140,137,139,134,149,166,152,160,181,181,175,170,199,259,275,272,252,329,275,342,396
Maria Pinto,0,0,1,0,0,0,2,2,0,0,0,2,3,3,7,11,12,11,4,7,25,28,40,42,56,44,37,30,28,25,19,13,11,9,6,12,14,18,19,20,18,14,6,4,6,8,8,7,6,2,3,2,2,0,1,1,1,0,0,2,2,4,3,3,3,3,4,3,3,12,16,11,5,8,7,6,3,7,16
Melipilla,5,7,12,19,20,24,36,63,60,52,48,57,129,173,206,269,305,338,360,326,453,484,483,396,412,381,370,293,242,150,148,107,92,90,102,100,106,110,115,81,84,71,118,181,191,163,111,95,114,111,121,67,59,49,63,45,39,26,27,31,31,44,27,29,46,65,65,68,56,65,62,56,43,48,42,58,42,38,52
Nunoa,60,64,78,71,73,83,70,92,125,142,283,302,418,456,528,556,459,459,540,506,641,573,519,433,359,288,265,230,185,137,109,115,110,118,137,123,133,120,113,92,92,109,134,129,126,117,107,84,90,92,80,81,80,86,88,49,59,49,47,57,66,63,45,42,56,68,84,99,94,106,116,131,125,123,108,144,136,162,167
Padre Hurtado,11,9,10,11,6,9,22,25,33,37,43,37,71,69,69,67,70,71,111,113,230,218,207,209,181,152,153,128,113,68,60,71,87,52,49,53,46,42,45,38,39,29,32,34,39,31,32,28,27,42,39,37,49,44,46,37,42,42,41,31,23,15,10,9,14,17,12,10,17,22,22,27,37,38,28,35,61,66,44
Paine,5,5,6,4,4,3,7,12,31,35,72,73,85,73,78,64,70,75,150,139,284,244,259,228,254,212,223,175,127,81,71,57,51,50,68,77,80,46,63,59,69,95,104,111,96,89,99,106,96,81,71,42,45,41,41,35,31,30,28,22,12,19,25,21,13,14,20,30,28,26,21,28,39,52,37,34,42,40,34
Pedro Aguirre Cerda,34,44,47,42,36,48,81,112,130,147,249,305,369,271,200,210,152,270,287,305,512,454,391,309,277,250,237,178,153,134,124,112,105,108,101,94,75,62,65,57,54,70,75,77,74,51,39,30,62,73,64,31,33,36,50,32,26,27,35,31,26,46,44,34,37,41,39,53,45,36,37,62,63,65,50,47,48,57,65
Penaflor,9,8,9,14,17,22,29,32,29,29,42,48,73,84,83,89,99,121,131,118,329,327,372,307,243,180,196,235,189,135,85,90,88,74,70,72,76,81,95,99,100,87,66,44,46,50,54,48,49,52,48,50,58,64,59,24,15,18,25,29,32,31,24,22,19,30,27,34,27,29,30,34,37,35,28,32,40,60,55
Penalolen,61,54,65,73,72,96,124,182,284,436,638,739,921,1229,1119,1197,999,1030,1020,884,1220,1165,1004,810,700,562,564,440,347,276,276,271,253,245,214,205,175,167,184,202,216,173,169,146,153,120,110,110,134,146,142,113,113,95,106,62,67,68,57,57,66,74,82,79,61,76,70,59,63,89,103,115,102,126,148,180,167,223,224
Pirque,5,6,5,5,4,6,17,27,25,25,38,46,46,57,85,106,70,71,53,43,132,129,106,91,102,99,91,51,39,31,23,19,25,32,40,32,33,22,20,16,21,13,21,14,31,19,11,7,8,10,11,13,11,8,9,4,3,2,7,7,7,8,4,4,2,4,6,4,8,14,17,23,28,40,28,13,17,8,17
Providencia,27,22,29,41,39,29,38,53,99,138,191,189,249,292,360,336,329,302,258,196,300,237,246,218,220,193,198,147,116,98,101,95,92,79,94,95,83,72,64,61,56,49,49,47,53,54,47,53,60,78,77,69,57,56,58,42,35,48,54,46,49,48,36,39,38,38,39,57,59,80,61,68,70,71,74,113,112,116,95
Pudahuel,39,35,39,42,40,56,96,127,165,208,234,244,290,339,353,370,391,460,497,522,922,929,885,717,611,502,529,457,413,322,280,221,197,200,194,198,196,180,204,192,259,210,196,173,171,144,131,104,117,133,122,109,125,115,136,91,73,69,63,63,69,61,71,81,94,103,119,113,97,102,141,162,131,155,156,225,222,259,238
Puente Alto,179,169,220,245,263,266,250,398,533,647,802,1070,1234,1376,1461,1451,1331,1395,1769,1866,2779,2406,2152,1869,1684,1317,1118,865,795,656,582,494,455,580,616,611,650,628,626,484,482,551,639,584,589,490,411,371,379,407,402,367,393,402,423,265,243,216,202,199,189,173,191,227,232,261,256,272,278,301,311,324,294,344,350,487,463,512,486
Quilicura,49,45,48,45,59,113,217,278,351,287,332,284,422,472,578,531,515,537,711,663,1035,891,750,571,489,419,374,295,277,219,186,194,188,180,187,178,173,149,179,196,191,174,177,135,126,98,95,79,93,102,100,88,80,89,95,70,76,80,60,50,45,57,49,56,52,37,42,51,47,43,64,73,69,72,61,95,93,105,111
Quinta Normal,45,51,62,66,66,60,111,132,153,187,181,173,223,205,188,200,214,265,320,280,602,548,473,392,382,330,340,280,243,143,129,143,186,202,235,204,189,144,156,121,133,127,138,119,119,82,68,65,58,53,67,67,74,63,79,49,33,39,49,71,38,44,44,49,50,57,54,42,54,52,55,71,72,79,69,102,125,169,161
Recoleta,39,34,51,63,86,116,252,387,534,514,534,506,559,533,507,480,457,473,455,451,701,616,562,476,385,311,297,253,204,129,132,147,155,138,141,167,161,123,128,131,155,141,141,124,125,91,87,72,74,75,79,84,81,68,78,84,75,71,45,42,55,49,43,47,53,53,53,49,58,62,72,95,87,69,49,70,78,94,128
Renca,20,26,42,52,68,72,84,133,166,181,173,182,274,223,240,251,296,328,367,412,771,859,885,894,722,599,544,361,351,342,362,301,279,226,259,311,301,248,236,127,203,185,221,203,234,204,284,267,228,203,190,135,93,66,72,75,65,35,30,40,46,64,70,70,59,44,32,58,75,98,95,107,115,110,121,132,150,149,188
San Bernardo,81,77,105,108,143,162,160,214,268,301,399,478,697,672,649,612,550,627,837,749,1368,1186,1248,1076,972,725,680,538,450,331,285,274,267,253,257,249,238,211,207,225,213,190,174,159,179,170,144,128,139,161,135,168,177,121,130,105,115,121,117,98,77,72,85,91,83,109,108,116,97,106,98,152,142,139,110,124,128,147,160
San Joaquin,24,26,40,45,47,59,71,136,216,267,409,449,617,455,284,295,278,331,377,373,540,442,398,363,333,288,281,276,246,202,180,123,105,116,114,111,104,84,85,79,82,99,111,86,67,56,57,53,48,48,44,50,50,49,50,30,23,23,56,47,29,33,45,48,57,50,40,40,41,55,44,30,39,57,74,84,81,96,89
San Jose de Maipo,1,1,1,1,2,3,7,16,23,29,35,35,47,61,81,86,44,59,69,60,77,68,57,58,51,35,27,41,36,30,30,34,39,40,33,14,10,7,5,5,7,7,13,14,14,20,18,14,13,11,8,8,12,17,19,7,5,4,7,1,0,0,0,3,4,2,3,2,4,4,6,5,3,5,5,12,10,9,10
San Miguel,40,39,46,57,48,55,65,90,153,174,250,273,403,379,335,371,350,432,416,403,603,533,518,387,326,301,275,228,200,157,139,124,115,148,136,128,118,105,160,145,143,84,83,85,98,83,75,62,60,69,61,66,76,71,75,55,55,52,54,57,39,41,43,49,45,42,43,62,57,70,68,68,73,93,71,111,101,123,99
San Pedro,0,0,0,1,2,2,7,8,5,3,2,2,3,0,1,2,2,6,8,8,9,18,36,42,35,32,27,13,10,9,7,5,5,4,9,14,17,14,13,6,3,2,4,3,3,0,2,3,3,1,0,2,1,0,0,7,12,27,23,8,8,7,5,3,1,2,1,1,1,1,3,4,6,10,9,5,4,2,1
San Ramon,8,14,15,21,37,55,86,146,198,198,354,344,445,469,351,297,188,285,289,308,515,394,346,291,262,235,236,215,170,129,110,95,88,78,79,62,65,63,69,56,51,49,60,51,46,47,47,55,55,41,39,36,35,47,54,44,39,37,34,21,33,30,41,35,40,27,23,26,25,30,29,33,49,41,47,56,47,53,46
Santiago,169,138,162,149,176,203,387,608,783,809,1116,1059,1210,1194,1230,1148,988,1006,1084,990,1409,1249,1103,855,758,678,687,543,437,296,299,236,238,214,211,223,224,180,176,208,232,252,257,236,232,206,175,168,181,199,225,186,199,199,231,140,140,109,120,144,124,110,121,131,120,111,154,203,229,230,210,249,228,256,200,309,292,370,409
Talagante,9,9,8,8,9,7,8,10,14,28,34,34,60,58,59,64,65,119,136,122,199,226,231,219,203,155,140,102,78,65,72,92,76,36,39,44,69,58,55,27,33,27,35,36,36,19,16,17,28,29,38,40,47,39,39,25,23,20,25,25,27,33,26,22,23,18,22,19,25,23,20,18,19,24,28,29,25,39,35
Tiltil,1,1,1,1,1,1,2,5,3,2,8,10,17,27,41,34,23,21,45,38,82,75,64,59,61,45,40,24,16,16,21,18,15,12,14,21,23,23,18,17,18,7,9,7,4,3,4,3,5,4,4,2,1,1,2,11,9,10,5,9,9,13,17,9,3,7,9,7,8,18,17,13,8,4,3,7,6,2,8
Vitacura,19,11,8,8,5,11,23,29,68,99,155,161,190,217,181,155,129,126,121,129,126,100,104,102,102,67,53,40,41,41,34,33,44,45,46,44,41,34,44,38,34,23,20,23,26,34,29,26,25,21,26,31,37,28,25,19,18,17,26,28,28,30,22,22,21,27,31,36,45,49,43,60,71,69,65,91,78,81,97
Chepica,0,0,0,0,0,0,0,0,0,0,1,3,6,6,0,1,1,2,2,10,20,30,19,15,20,23,32,36,36,21,25,14,13,8,6,10,12,17,25,27,32,19,23,10,12,9,7,20,29,24,19,14,11,5,7,3,1,3,2,2,1,2,2,2,2,1,2,4,2,3,4,6,3,1,3,12,18,13,29
Chimbarongo,0,0,0,0,0,0,0,0,0,0,3,2,3,5,3,2,3,4,9,12,10,17,23,27,30,27,25,20,18,18,20,19,17,17,16,15,8,10,16,16,20,16,15,12,19,19,12,12,11,19,28,27,31,23,19,24,22,20,20,17,9,5,5,9,8,3,1,1,6,7,5,8,9,17,11,19,11,9,11
Codegua,0,0,0,0,0,0,1,1,0,1,1,1,3,1,2,3,5,4,7,5,10,24,32,37,38,25,26,39,36,37,30,17,16,18,12,13,20,27,29,35,27,17,16,17,18,18,20,17,15,11,9,9,14,12,17,13,6,3,4,10,10,6,3,0,2,7,5,3,2,6,7,4,4,6,6,7,13,22,17
Coinco,0,0,0,0,1,1,1,1,1,1,3,4,5,3,4,1,2,0,0,1,6,14,21,23,14,20,21,17,17,12,14,9,9,11,14,16,7,6,3,9,13,14,13,10,10,7,6,4,5,2,1,2,4,8,10,0,1,2,0,1,2,5,4,4,5,6,3,2,4,12,11,6,6,4,3,2,1,3,3
Coltauco,0,0,0,0,0,0,0,0,1,3,9,15,7,2,4,1,1,1,0,2,9,23,27,27,24,26,22,29,32,44,48,44,51,45,48,44,41,38,56,49,57,39,36,23,19,25,23,8,12,10,10,16,12,13,19,12,9,7,4,4,5,4,8,10,12,13,12,34,46,41,34,23,18,14,11,13,15,12,10
Donihue,0,0,0,0,1,1,2,1,3,5,6,9,10,8,6,5,2,4,3,9,27,58,77,65,87,75,62,58,58,49,40,27,35,37,29,27,28,29,27,25,24,28,33,29,39,38,30,26,20,19,30,37,33,32,43,15,12,9,7,11,21,17,29,26,14,12,17,22,29,45,26,25,20,15,10,9,7,22,23
Graneros,0,0,0,0,2,2,2,1,8,15,18,16,12,12,10,5,3,3,5,16,44,73,87,85,73,79,80,66,54,45,36,28,17,21,29,55,61,58,46,38,37,38,42,44,43,33,34,49,54,48,52,68,64,48,37,12,18,15,13,12,10,12,10,15,16,16,15,11,8,5,9,15,15,18,25,27,19,31,36
La Estrella,0,0,0,0,0,0,0,0,0,0,0,0,0,0,0,0,1,1,3,6,7,5,9,14,17,8,6,2,2,3,3,1,2,2,1,0,1,1,1,1,2,1,1,0,0,0,0,0,1,4,3,1,0,0,0,0,0,0,0,0,1,1,0,0,2,2,2,2,1,1,0,0,0,0,1,3,3,2,0
Las Cabras,0,1,1,0,2,2,3,7,4,2,2,2,3,1,2,2,3,2,0,3,10,25,39,39,47,33,44,37,27,17,16,11,18,25,37,49,50,75,70,51,50,61,49,53,52,47,49,58,48,46,37,29,35,29,33,26,29,25,21,11,8,5,6,8,12,15,11,4,4,9,9,13,20,19,10,17,36,39,43
Litueche,0,0,0,0,1,3,6,7,2,2,1,1,2,0,0,0,2,2,5,8,18,23,21,11,5,14,9,7,2,2,5,5,6,11,8,10,8,4,1,0,0,0,0,0,1,2,1,2,4,5,4,3,0,0,0,1,1,0,2,2,0,0,0,0,0,0,0,0,0,0,1,5,4,2,0,3,9,28,25
Lolol,0,0,0,0,0,0,0,0,0,0,0,1,3,2,0,0,7,8,4,3,8,6,13,11,14,2,1,0,0,0,0,2,3,10,9,7,9,5,5,8,6,4,4,7,7,1,1,0,0,0,0,0,1,7,14,15,11,4,10,10,4,3,1,1,2,1,1,1,1,1,3,3,2,2,2,3,3,1,1
Machali,0,0,1,3,8,5,5,4,4,5,6,6,7,12,11,9,19,26,24,26,91,171,277,268,244,164,138,101,81,73,65,51,52,47,46,32,34,25,28,27,40,55,60,51,52,35,25,30,29,23,30,38,46,41,39,16,23,16,13,21,26,30,22,11,13,13,14,18,23,16,19,23,26,31,25,45,44,47,34
Malloa,0,0,0,0,0,0,0,0,0,0,1,2,1,1,1,1,0,0,0,0,14,5,16,14,15,9,14,22,20,24,24,26,20,8,10,10,7,10,10,16,13,13,12,15,15,18,19,23,18,23,28,24,18,4,7,22,20,18,14,12,6,10,6,2,2,5,4,11,16,10,6,1,2,1,2,4,3,10,10
Marchihue,0,0,0,0,0,0,0,0,0,0,0,0,0,0,0,0,0,3,0,3,8,7,3,2,1,4,4,3,5,8,6,5,3,2,2,1,1,1,0,0,2,7,10,7,5,1,1,0,0,1,1,0,1,1,1,0,0,3,6,2,4,6,3,2,7,15,23,11,6,6,8,14,17,18,18,21,15,11,4
Mostazal,0,0,0,0,0,0,0,1,1,3,3,5,2,2,3,4,6,4,3,5,25,31,41,41,46,41,37,31,25,23,20,24,25,23,22,18,20,24,22,28,20,16,16,33,35,38,19,17,18,18,18,10,16,17,26,20,14,21,18,18,13,12,11,17,15,11,4,2,3,3,1,4,6,5,5,9,10,22,21
Nancagua,0,0,0,0,0,0,1,1,1,2,2,3,3,5,3,1,4,4,6,16,18,10,8,4,12,16,18,11,10,8,6,4,6,9,17,16,19,16,16,14,23,29,33,32,30,14,10,15,14,12,8,7,9,10,9,3,8,9,8,4,2,2,2,3,3,1,2,3,1,1,2,2,4,2,2,5,6,14,19
Navidad,0,0,0,0,0,0,2,2,1,1,5,5,5,1,0,0,1,1,3,9,17,18,11,3,3,13,8,5,6,3,2,1,3,3,2,0,0,0,0,0,0,0,0,2,2,0,0,0,1,2,2,2,1,3,1,2,2,0,0,0,0,0,0,0,0,0,0,1,0,0,0,5,5,2,1,2,2,2,0
Olivar,3,4,3,3,1,0,0,0,0,1,7,8,6,4,3,4,3,0,0,3,18,20,34,42,42,51,44,22,20,12,15,14,19,12,19,20,20,23,27,20,17,14,15,17,16,7,14,28,36,30,30,18,15,15,15,8,6,3,2,1,2,4,6,6,10,7,3,2,5,6,4,2,3,8,6,5,10,20,22
Palmilla,0,0,0,0,0,0,0,0,0,0,0,0,0,3,2,1,1,0,2,5,5,7,7,8,4,5,8,10,7,3,2,4,7,15,13,16,11,18,30,40,51,43,27,20,26,22,15,10,5,2,3,2,3,9,11,5,7,6,7,5,6,8,10,13,9,3,4,0,0,1,3,2,1,3,8,10,7,12,25
Paredones,0,0,0,0,0,0,0,0,0,0,0,2,2,0,0,0,0,1,1,1,4,3,1,0,0,3,3,0,4,4,2,4,4,7,8,5,2,3,5,3,3,0,0,0,0,2,2,1,4,6,7,9,6,5,5,2,4,7,5,12,9,5,9,6,0,0,0,0,0,0,0,1,21,29,29,23,15,10,8
Peralillo,0,0,0,0,0,0,0,0,0,0,0,0,2,0,0,1,2,1,8,13,13,7,2,3,7,4,4,3,4,3,1,1,6,6,6,3,3,6,7,7,5,7,8,12,14,8,5,11,20,21,16,7,9,12,16,10,6,2,2,1,0,1,1,1,1,1,4,4,4,0,1,1,1,4,4,10,16,20,18
Peumo,0,0,0,0,0,0,1,1,2,1,1,1,2,2,0,0,0,0,0,0,3,3,8,7,5,5,12,17,22,19,17,10,7,20,24,25,20,19,21,30,36,38,37,38,42,42,45,30,25,24,25,18,18,15,21,23,15,11,8,3,2,3,5,3,7,11,8,6,2,3,1,8,14,7,2,13,16,11,18
Pichidegua,0,0,0,0,0,0,0,0,1,1,2,4,4,4,2,0,0,0,0,0,3,9,23,28,34,32,33,30,24,20,22,25,23,56,77,82,56,46,46,71,61,80,74,79,96,82,87,62,59,52,53,23,20,17,39,24,21,21,12,8,6,4,7,11,17,8,8,5,4,4,3,3,12,13,22,23,20,17,29
Pichilemu,0,0,0,0,0,0,0,0,0,1,1,3,2,5,2,1,3,2,2,0,3,7,7,5,3,8,11,13,14,5,5,2,0,0,1,1,1,1,3,5,5,6,6,6,8,9,13,9,7,4,3,8,5,4,5,11,8,2,4,12,13,24,22,12,4,4,2,4,3,0,1,4,9,13,8,4,1,9,14
Placilla,0,0,0,0,0,0,0,0,0,0,1,3,3,2,0,1,2,5,3,6,9,2,4,6,10,14,13,9,5,9,9,7,2,2,5,8,9,2,2,3,3,3,13,25,33,23,22,8,2,10,10,11,9,9,8,0,0,2,3,5,4,1,1,1,0,0,0,2,3,1,1,5,3,2,1,2,1,3,8
Pumanque,0,0,0,0,0,0,0,0,0,0,0,0,0,0,0,1,1,1,0,1,1,1,1,0,0,0,0,0,0,0,0,0,0,0,0,1,1,0,0,0,1,1,2,5,5,5,1,0,0,0,0,0,1,1,1,0,0,0,3,5,4,2,2,4,2,1,1,2,1,0,0,0,0,4,4,4,3,6,3
Quinta de Tilcoco,0,0,0,0,0,0,0,0,0,0,0,1,1,0,0,0,2,0,1,0,6,13,22,25,21,16,22,18,15,16,17,14,12,15,16,7,6,5,3,1,3,4,4,4,8,14,8,9,9,3,3,8,9,7,9,9,10,4,1,3,2,2,1,0,0,1,1,1,0,4,2,0,1,3,4,5,3,6,19
Rancagua,3,3,3,1,8,11,15,18,29,45,74,105,82,94,101,73,87,119,152,184,635,1074,1344,1269,1159,946,868,673,548,396,328,262,202,218,323,349,321,318,330,327,313,313,324,344,394,374,354,337,353,325,306,270,265,227,258,168,149,133,112,105,113,121,97,91,95,129,119,119,117,144,140,151,173,171,151,189,158,194,229
Rengo,0,0,0,0,1,5,5,6,5,3,4,8,7,6,8,8,5,5,10,16,73,118,164,150,184,235,243,253,199,145,123,87,71,61,98,124,88,68,51,44,38,40,45,38,46,25,21,30,34,37,45,64,71,71,71,50,42,24,24,12,8,10,12,12,12,10,13,22,31,28,23,23,28,29,28,43,44,69,62
Requinoa,0,0,0,0,1,2,2,2,2,1,4,4,3,0,7,7,14,12,7,6,40,61,98,90,81,67,75,61,48,30,28,27,29,35,30,23,21,14,18,21,27,21,22,12,16,15,10,7,11,23,31,30,28,17,15,10,9,8,9,5,6,11,9,6,12,15,12,11,9,14,13,13,15,17,16,16,12,27,30
San Fernando,1,1,1,2,2,2,1,1,2,1,4,7,4,5,7,13,21,19,14,15,32,40,77,82,75,80,81,81,73,75,73,78,68,86,97,106,106,90,85,90,101,101,94,90,106,113,111,117,122,144,133,122,120,87,88,87,68,60,46,38,45,46,56,45,52,55,45,44,41,40,39,57,58,50,39,39,35,49,55
San Vicente,1,0,0,0,0,0,4,5,5,6,11,15,18,14,0,1,1,2,5,5,33,52,69,61,62,53,65,64,51,62,58,57,53,59,116,136,115,77,62,65,73,59,63,62,57,48,60,63,51,50,45,52,72,70,80,52,39,23,17,20,14,14,14,5,5,9,7,7,5,11,8,9,11,20,28,40,61,105,120
Santa Cruz,1,0,0,0,1,1,0,0,0,1,2,3,4,4,2,3,6,6,15,20,23,26,18,19,26,36,31,35,27,25,25,29,41,52,60,48,53,46,58,75,80,98,94,108,101,72,55,27,24,22,14,17,17,17,18,16,13,11,16,15,13,12,19,24,23,12,10,9,11,15,15,17,13,12,22,38,55,70,70
Cauquenes,2,2,4,5,6,6,3,2,0,1,7,9,10,15,22,33,54,95,64,63,79,77,68,66,64,49,51,56,61,40,25,16,19,14,7,7,11,8,8,11,14,18,18,15,23,20,21,10,15,13,14,11,11,18,22,13,19,19,15,9,8,8,6,8,7,7,4,24,23,9,5,4,17,29,30,33,24,16,8
Chanco,0,0,0,1,1,2,1,1,0,0,0,0,0,0,0,1,1,2,6,8,7,13,10,1,1,1,5,9,13,11,6,3,1,1,0,4,3,5,8,9,8,7,6,12,14,13,12,10,9,5,12,16,16,7,12,7,5,7,19,15,6,0,0,1,0,2,5,4,5,8,9,6,8,3,5,3,0,1,2
Colbun,2,1,0,0,0,0,0,0,0,3,4,6,9,8,16,11,15,13,10,12,28,28,31,29,18,29,26,18,24,28,27,26,25,14,33,39,38,27,24,25,24,22,20,15,12,9,6,21,22,37,36,32,24,15,24,28,24,23,21,16,10,8,4,3,4,6,6,4,5,4,1,6,5,3,5,22,32,27,21
Constitucion,1,1,5,5,11,8,3,5,3,1,3,4,4,6,5,6,6,7,11,21,31,58,61,67,69,49,37,43,52,74,88,65,47,26,27,33,31,23,19,25,24,19,24,29,29,18,13,2,3,6,6,5,14,15,18,16,13,10,12,9,6,8,14,33,34,37,37,24,14,26,36,26,23,24,30,21,31,41,46
Curepto,3,2,4,4,4,3,0,0,0,1,0,1,2,4,0,1,1,1,0,1,2,8,12,7,7,8,5,3,3,6,5,7,7,6,16,25,34,31,26,15,23,20,17,4,4,4,5,9,9,9,9,7,7,5,11,3,4,2,2,2,2,1,1,3,3,4,2,3,9,9,12,10,8,4,11,21,19,16,8
Curico,8,8,12,15,10,9,11,6,8,11,13,28,50,85,131,156,214,251,270,298,347,335,308,307,267,233,211,204,192,179,168,182,170,142,111,86,83,96,81,51,72,79,86,88,105,112,107,129,144,149,163,147,165,149,182,119,118,102,97,88,93,99,78,73,49,54,56,60,78,171,200,244,279,337,408,453,565,563,577
Empedrado,0,0,0,0,0,0,0,0,0,0,0,0,0,0,0,0,0,1,1,3,6,17,15,16,4,1,1,3,2,1,1,2,2,2,2,1,1,0,2,3,4,2,2,4,3,1,1,0,0,0,0,0,0,0,2,0,0,0,0,0,0,0,3,4,4,2,0,3,10,11,4,1,1,8,11,12,11,13,8
Hualane,0,0,0,0,0,0,0,0,0,0,0,0,1,6,16,16,38,38,36,29,32,15,15,10,5,1,1,0,0,2,2,1,0,1,0,1,1,1,0,1,2,2,2,2,2,3,2,6,9,11,10,4,4,2,2,1,1,0,0,0,0,0,1,0,1,1,1,2,2,1,1,5,8,9,7,17,20,24,10
Licanten,0,0,1,1,1,1,0,0,0,0,0,0,0,0,0,0,0,0,4,4,6,5,5,5,1,2,1,1,1,0,0,2,3,3,3,2,1,0,0,0,2,2,2,16,67,93,83,68,17,7,8,1,2,2,2,0,0,0,0,0,2,3,1,0,0,0,0,0,0,0,1,10,9,24,22,15,4,3,4
Linares,5,3,7,8,8,4,4,3,6,7,17,17,21,22,19,22,31,27,29,51,84,117,112,110,114,113,121,104,98,93,106,94,95,104,104,103,99,115,155,152,151,114,132,122,106,82,66,50,51,42,45,32,33,37,44,31,28,47,37,37,33,43,42,59,56,60,53,44,31,33,45,53,60,57,54,72,74,86,106
Longavi,0,0,0,1,1,1,0,0,2,3,5,7,11,9,10,11,20,19,22,40,62,58,38,20,27,34,37,38,25,13,12,11,14,13,29,36,37,24,24,27,41,35,69,86,91,71,58,44,61,51,47,35,43,24,25,11,5,5,1,4,5,3,4,4,7,15,8,7,5,4,5,8,10,20,15,17,10,11,18
Maule,2,2,5,9,16,12,2,1,2,1,4,5,11,15,13,12,29,33,33,26,37,35,61,47,60,70,78,74,65,68,70,67,53,34,42,53,68,60,50,46,40,47,53,69,74,74,80,80,70,79,83,83,77,74,73,34,34,38,36,35,27,28,39,66,56,46,46,31,25,23,32,46,53,53,67,83,90,131,132
Molina,0,0,0,1,3,2,0,0,1,2,1,1,2,5,9,10,13,22,21,21,22,33,62,67,52,32,34,37,31,26,29,33,25,29,35,44,37,28,28,32,43,70,105,140,129,82,72,68,61,85,86,85,49,34,42,25,21,21,18,20,12,11,7,6,8,7,6,6,6,13,23,34,53,51,78,118,127,157,158
Parral,2,2,2,1,2,1,1,0,0,0,2,4,8,20,38,48,46,34,30,25,31,33,39,25,20,20,18,20,20,16,15,15,14,16,19,17,18,12,8,14,17,33,43,58,69,71,70,81,75,51,42,39,45,45,49,23,12,29,33,45,49,76,74,70,60,62,49,44,38,36,28,28,28,23,21,12,16,35,46
Pelarco,3,3,5,5,2,0,0,0,1,3,8,5,8,6,5,4,3,6,11,6,5,3,5,4,4,5,12,17,23,34,38,40,40,29,19,8,5,3,2,7,7,5,5,5,4,4,4,3,1,3,4,4,3,1,0,0,3,3,3,3,1,2,2,2,3,8,6,5,3,3,2,1,3,6,4,3,4,3,10
Pelluhue,0,0,0,0,0,0,0,0,0,0,3,5,7,6,2,0,2,2,13,12,16,14,10,5,1,3,4,1,1,2,4,6,5,2,3,5,5,6,14,17,18,7,5,2,3,3,2,1,3,6,6,11,8,5,5,3,4,4,5,2,2,2,1,2,1,1,1,0,0,0,0,1,2,5,7,5,6,12,10
Pencahue,0,0,1,2,3,2,0,0,0,0,0,0,0,2,9,9,6,2,3,2,6,5,4,7,8,13,16,16,7,4,4,3,3,2,1,0,0,9,12,10,17,26,22,25,23,21,15,11,7,7,10,11,6,2,3,1,1,0,0,0,0,0,3,3,4,9,5,3,2,2,3,1,2,2,6,18,8,8,4
Rauco,1,1,1,0,0,0,0,0,0,0,0,1,1,2,6,7,6,4,6,10,15,10,6,10,14,18,17,22,21,23,20,16,13,7,7,6,6,6,4,3,2,3,2,0,1,9,9,13,15,12,15,10,13,15,16,12,10,5,6,11,13,10,4,2,5,4,6,10,5,2,3,10,12,7,15,24,23,20,21
Retiro,1,1,2,2,0,0,0,0,1,1,1,0,1,4,11,14,36,34,15,15,27,21,14,11,19,16,9,4,3,4,4,11,12,16,20,15,14,12,8,5,10,28,40,41,39,25,30,33,41,27,40,30,32,14,15,13,10,12,10,13,13,12,10,9,12,7,3,0,1,3,4,6,4,5,2,4,8,17,27
Rio Claro,2,2,4,3,3,1,2,2,1,0,2,2,2,3,1,2,5,8,6,3,3,9,18,18,21,20,17,6,2,10,15,24,17,19,17,15,12,1,3,5,8,17,16,14,18,21,17,20,23,20,21,10,14,9,8,4,5,4,2,3,5,13,17,15,5,4,2,5,10,6,5,5,4,18,23,22,22,25,15
Romeral,0,0,1,8,9,9,1,0,0,0,0,0,0,2,5,14,19,21,25,26,36,56,69,62,38,19,18,10,16,16,26,20,23,20,19,19,18,17,11,4,2,1,1,1,1,3,10,32,26,25,14,6,4,4,9,11,8,7,8,5,2,2,1,1,0,0,2,2,27,32,37,25,38,48,43,47,40,40,37
Sagrada Familia,1,1,0,0,1,1,1,0,0,0,0,0,1,0,3,3,5,7,13,17,13,9,13,10,12,16,20,16,9,10,9,7,9,14,16,15,13,11,10,10,13,10,7,8,8,35,32,28,3,4,5,5,4,8,7,3,2,1,2,2,6,10,14,10,10,5,6,5,4,7,11,13,19,40,44,41,39,42,41
San Clemente,0,0,4,6,8,6,2,1,5,9,11,7,13,19,22,19,28,32,40,52,56,64,91,94,114,111,97,80,78,59,48,37,31,44,51,55,59,38,43,44,52,61,96,106,144,91,94,73,84,56,47,24,24,16,19,5,5,21,19,20,11,10,6,4,13,20,28,30,18,32,39,32,30,53,48,66,78,83,67
San Javier,6,5,4,6,10,5,4,3,3,3,9,9,15,9,8,12,17,29,41,47,52,47,45,50,56,56,64,81,76,73,74,79,82,53,46,32,33,23,21,16,23,35,45,56,61,56,66,49,48,45,51,40,47,50,53,61,61,71,59,48,31,44,35,33,29,42,46,43,58,56,71,89,95,94,76,83,96,99,113
San Rafael,1,1,1,1,1,1,0,0,1,1,3,8,22,32,30,21,12,12,12,16,12,9,20,22,18,19,14,8,8,7,3,2,4,4,5,13,15,28,31,32,26,17,12,6,7,7,13,20,20,17,15,12,9,6,8,10,6,4,11,18,13,8,15,20,13,7,6,6,3,1,2,7,8,12,23,20,15,8,8
Talca,7,10,47,76,82,72,24,15,6,5,28,29,65,84,79,76,95,108,157,200,261,299,372,345,339,325,297,241,194,158,162,151,141,170,217,225,208,226,225,208,217,221,261,286,360,392,397,369,390,350,387,362,404,322,357,214,188,174,165,179,148,131,120,120,96,92,84,81,90,100,149,203,230,205,237,272,284,309,298
Teno,1,1,1,1,0,0,2,2,3,2,2,2,2,4,3,2,3,8,14,12,24,40,41,31,37,34,37,45,34,49,51,43,48,42,42,36,34,25,24,26,30,33,37,32,33,23,18,29,55,53,53,25,27,19,19,9,10,7,5,4,11,21,25,21,19,21,31,35,25,18,16,21,39,37,26,33,48,64,58
Vichuquen,0,0,0,0,0,0,0,0,0,0,0,0,0,0,0,0,0,0,0,0,0,0,0,0,1,1,1,3,4,5,2,1,0,0,0,0,0,0,0,0,0,0,0,0,0,0,1,3,5,5,6,4,3,1,2,1,0,0,0,0,0,0,0,0,0,0,0,0,1,1,4,4,0,3,4,3,2,1,3
Villa Alegre,0,0,0,1,1,1,1,0,0,0,1,1,1,2,2,1,7,9,13,16,17,7,9,11,19,27,25,24,21,31,32,21,10,8,11,7,8,9,16,16,20,15,12,8,4,7,7,5,4,17,18,21,17,14,17,7,3,3,8,9,15,13,5,5,0,2,7,13,12,10,10,26,29,35,30,18,6,16,20
Yerbas Buenas,0,0,0,1,0,0,1,1,1,1,3,6,10,12,11,10,20,17,11,11,21,17,9,8,7,3,2,11,14,17,11,15,12,21,23,25,16,16,22,19,17,8,10,19,26,29,23,17,16,11,8,5,19,16,18,6,3,10,8,4,3,14,20,23,16,15,9,5,2,5,11,14,14,17,17,28,40,55,33
Bulnes,13,9,6,7,8,7,3,11,14,13,36,55,50,55,37,33,22,26,18,15,25,23,28,20,26,37,46,49,46,33,29,39,52,84,74,75,66,62,63,56,53,60,62,70,71,58,51,39,37,28,25,28,26,32,38,32,38,27,19,8,10,17,21,14,8,14,14,14,16,16,13,22,27,26,17,22,26,33,30
Chillan,79,61,51,35,37,31,19,18,13,20,28,66,62,96,92,83,90,119,140,156,205,192,249,204,223,262,276,262,237,158,134,92,95,119,139,154,143,175,243,356,427,456,472,440,458,407,378,290,260,243,208,183,185,193,220,191,190,175,173,170,152,205,227,253,250,287,291,323,296,325,324,324,283,336,451,501,428,380,417
Chillan Viejo,13,11,7,9,3,3,1,0,0,2,4,10,14,30,27,19,13,16,24,26,38,36,31,33,31,38,36,39,43,35,24,11,8,10,16,21,21,28,33,58,83,87,71,49,48,50,40,29,43,51,42,34,17,14,17,25,21,7,7,15,16,21,34,34,29,30,26,25,24,30,30,34,39,57,42,41,42,49,42
Cobquecura,0,0,0,0,0,0,0,0,0,0,0,0,0,0,0,0,0,0,0,0,0,0,0,0,0,0,1,1,1,0,1,1,1,0,2,16,16,15,10,2,0,0,5,5,6,3,7,4,5,4,5,1,1,0,1,6,6,7,0,1,0,1,1,1,0,0,0,0,0,0,3,5,4,2,0,1,5,6,5
Coelemu,2,0,0,0,0,0,0,0,0,0,0,1,2,4,13,14,15,13,13,12,23,19,22,16,5,4,7,9,7,5,3,4,8,7,8,12,11,5,5,2,5,6,7,19,35,33,29,17,19,22,20,26,29,18,17,6,6,4,13,14,7,10,8,7,7,4,2,4,3,3,2,5,5,5,7,14,13,14,12
Coihueco,6,4,5,12,13,12,13,10,5,2,3,7,7,9,5,1,1,2,7,8,17,17,23,24,29,45,54,58,55,37,28,20,13,11,16,18,20,15,17,29,39,28,27,35,57,70,69,77,100,106,110,78,46,41,30,5,7,22,25,20,18,23,18,18,29,21,15,10,6,15,24,27,30,39,30,34,25,30,38
El Carmen,1,1,1,0,0,0,0,0,0,1,1,2,2,3,9,10,17,9,7,5,18,22,14,10,9,18,19,18,17,6,7,10,11,14,4,0,0,2,4,21,32,29,36,25,29,27,14,9,8,5,4,0,1,1,6,10,8,12,17,10,2,1,1,1,6,5,4,22,31,19,8,6,8,10,2,9,13,10,20
Ninhue,2,2,2,2,2,1,0,0,0,0,0,1,1,2,0,2,4,3,2,4,7,9,14,14,12,4,3,1,2,1,5,4,4,1,3,1,3,3,3,1,1,0,3,5,8,3,5,4,2,0,0,2,2,2,2,1,1,0,0,0,1,3,2,7,9,8,4,5,4,4,25,25,28,17,7,7,5,8,7
Niquen,2,2,2,2,0,0,0,0,0,0,0,0,1,6,4,4,8,16,12,20,24,14,7,6,5,2,3,5,7,11,10,10,8,5,6,23,27,30,36,18,15,13,8,8,8,8,12,5,5,1,3,4,5,4,3,1,1,0,0,0,0,5,17,19,13,1,1,1,1,0,0,0,2,5,7,8,10,9,9
Pemuco,3,2,1,1,1,0,0,0,0,1,3,4,2,1,1,1,5,6,3,6,27,47,32,16,11,13,14,11,12,4,2,1,1,2,2,2,1,0,5,10,14,15,11,10,11,16,14,13,6,3,2,1,1,1,2,4,4,6,2,2,2,3,2,3,2,1,2,5,8,9,8,4,2,6,5,3,5,7,5
Pinto,5,4,3,2,2,1,0,0,0,0,0,2,5,3,2,0,0,2,0,1,8,11,14,12,7,12,17,17,19,7,7,4,3,1,3,5,6,2,4,5,7,6,7,6,15,22,19,13,22,16,16,21,17,10,7,3,4,4,2,1,1,4,6,4,2,3,6,4,3,6,5,5,2,2,3,10,7,4,8
Portezuelo,1,0,0,0,0,0,0,0,0,0,2,4,6,5,2,2,0,0,0,0,0,4,4,4,1,4,3,7,9,5,4,0,0,0,1,2,2,2,0,3,4,9,6,3,6,6,8,3,5,4,3,5,6,4,5,6,5,1,0,1,1,0,1,3,2,0,1,0,1,2,3,4,4,2,4,3,0,1,1
Quillon,5,0,0,1,0,1,3,4,2,3,2,7,6,12,16,13,22,27,30,34,39,29,19,9,10,18,38,34,31,14,8,11,8,6,7,7,7,7,14,18,39,56,70,50,66,70,53,38,28,14,17,16,12,5,5,4,4,9,23,26,27,21,25,50,54,42,25,15,14,12,16,11,9,16,17,28,23,28,32
Quirihue,2,0,0,0,1,1,1,0,0,4,8,10,6,2,1,4,4,3,2,2,3,6,16,15,8,4,16,17,12,3,2,5,8,7,10,19,22,28,27,19,17,11,9,8,6,6,11,9,13,13,17,14,16,11,16,11,26,24,25,18,17,18,18,21,13,3,0,4,5,2,1,1,5,24,28,17,16,17,20
Ranquil,5,2,0,0,0,0,0,0,0,0,0,0,0,0,0,0,0,0,1,1,6,7,5,4,3,2,3,12,14,8,9,5,5,0,6,8,7,3,2,3,5,2,3,7,6,6,8,5,6,10,9,14,10,11,11,4,1,5,3,4,8,7,7,6,4,3,2,4,3,0,1,1,1,1,1,4,10,15,16
San Carlos,12,10,5,4,3,5,4,3,2,6,8,10,8,11,20,18,28,41,58,60,136,100,70,49,70,88,83,67,42,38,36,23,16,11,18,21,25,21,33,47,56,63,66,49,60,54,53,39,40,29,25,21,23,30,30,21,18,12,5,20,28,20,7,8,24,26,15,20,18,17,15,34,38,30,45,72,58,68,72
San Fabian,1,1,1,0,1,1,0,0,0,0,0,0,0,0,0,0,0,0,0,0,0,0,0,0,0,1,1,2,5,3,1,1,2,1,1,0,0,0,0,1,2,3,4,5,6,5,6,7,11,8,7,0,1,3,3,0,0,0,0,0,0,0,0,0,0,1,1,3,3,2,1,3,5,3,3,4,4,2,3
San Ignacio,1,1,1,0,1,1,2,3,3,2,1,3,3,4,11,11,13,10,16,35,75,80,42,15,8,8,19,25,30,19,21,17,7,8,3,2,2,2,4,7,10,9,8,3,18,16,16,9,4,3,6,5,5,4,4,1,2,3,2,1,3,4,7,7,11,16,23,19,23,14,12,5,9,7,11,14,17,25,16
San Nicolas,5,6,4,3,2,0,0,0,0,0,2,2,4,7,6,4,7,8,7,7,8,7,10,9,13,18,29,36,27,10,7,6,14,17,16,6,6,4,3,11,16,15,14,13,21,20,19,19,18,12,8,3,2,2,2,2,2,3,2,5,8,12,10,8,14,11,12,14,12,11,9,8,10,12,10,15,17,19,18
Treguaco,0,0,0,0,0,0,0,0,0,0,0,0,0,0,1,0,0,1,2,2,0,0,1,1,0,0,1,1,2,1,1,3,2,1,6,6,7,2,3,10,17,22,30,26,23,8,5,2,0,8,12,9,7,3,7,2,2,0,1,1,8,8,8,2,1,0,0,0,1,1,0,6,7,6,2,4,3,3,5
Yungay,25,17,13,4,3,4,5,8,4,1,3,3,3,2,4,3,4,7,6,6,11,9,21,18,14,9,11,14,15,13,14,14,15,7,9,8,10,7,7,6,5,5,7,6,10,21,21,22,18,8,9,5,5,0,2,3,2,3,4,5,4,7,9,10,14,23,14,8,16,24,20,22,21,20,11,16,16,18,30
Alto Biobio,0,0,0,0,0,0,0,0,0,0,0,0,1,17,41,79,66,64,32,32,18,17,12,8,8,11,15,10,11,4,3,1,1,1,3,2,2,2,1,2,1,2,3,3,4,2,3,2,2,0,2,2,2,0,0,1,1,1,1,2,0,0,0,0,0,0,0,2,4,10,29,45,31,28,6,3,4,3,6
Antuco,0,0,0,0,0,0,0,0,1,2,3,3,2,2,11,12,13,5,7,6,6,15,20,15,10,6,9,6,6,1,5,7,6,1,1,1,2,1,1,0,2,2,8,7,10,4,2,0,1,3,4,6,4,3,1,0,0,0,0,0,3,2,1,2,1,0,0,0,4,4,1,4,11,15,12,1,1,1,1
Arauco,2,0,0,0,0,0,0,0,5,9,7,6,13,18,23,33,26,30,19,21,51,67,100,99,83,52,24,16,25,37,57,72,67,66,67,63,60,59,89,69,63,43,45,49,48,58,50,52,45,49,55,62,64,87,123,105,99,74,56,66,72,64,59,56,37,49,66,97,117,127,118,121,107,103,76,113,100,98,131
Cabrero,7,4,5,3,6,8,6,2,6,4,4,5,4,3,3,4,4,6,6,13,75,129,61,27,21,12,16,13,14,10,9,7,8,14,17,11,10,18,28,26,25,28,43,38,29,19,16,13,13,16,29,39,57,71,68,41,43,50,46,43,40,27,20,13,7,18,30,42,32,34,42,52,39,37,32,31,28,36,33
Canete,0,0,0,0,0,0,0,0,1,0,0,0,3,9,10,13,5,8,7,7,5,11,11,8,5,3,6,12,31,38,51,44,36,28,23,27,40,50,54,47,34,33,17,24,23,25,23,26,44,68,78,90,118,161,186,102,66,47,45,67,67,65,68,76,70,86,83,76,74,75,88,83,101,131,107,91,95,79,95
Chiguayante,27,13,8,7,16,13,11,11,8,8,6,9,9,6,12,19,26,23,35,39,76,72,80,68,75,77,92,97,99,84,86,86,79,78,104,137,157,158,198,213,217,221,235,250,214,168,131,183,177,170,153,124,125,119,118,99,99,96,87,107,115,105,112,144,141,167,161,172,183,171,150,166,160,149,121,127,111,169,188
Concepcion,22,46,42,33,32,23,19,9,23,33,27,26,39,59,95,119,105,92,117,168,307,326,336,272,219,195,202,198,202,182,206,186,211,219,244,300,351,369,441,530,605,578,562,518,483,411,352,318,322,331,304,263,273,267,274,211,213,203,195,233,245,289,277,345,341,358,345,398,395,388,400,418,398,370,356,444,365,444,489
Contulmo,0,0,0,0,0,0,0,0,0,0,0,0,0,0,0,0,1,1,1,0,3,8,30,35,29,6,2,0,2,2,3,1,0,0,2,3,6,4,4,4,7,6,2,3,3,1,4,4,4,5,3,3,5,5,7,5,7,7,4,0,0,8,10,9,4,5,5,2,2,5,8,8,3,3,3,3,6,8,8
Coronel,9,2,2,1,0,2,5,4,7,7,15,21,22,25,62,102,114,100,97,95,211,232,290,251,235,203,180,145,138,149,150,140,146,187,196,211,194,184,174,209,202,225,237,246,276,276,283,327,399,391,357,237,246,189,208,154,151,146,144,159,163,137,157,195,177,160,156,187,195,221,256,290,272,260,195,243,265,302,335
Curanilahue,0,0,0,0,1,1,0,0,2,2,2,3,1,0,1,2,3,4,12,14,16,18,24,23,15,41,58,69,60,46,51,31,26,23,27,30,25,15,17,30,56,82,112,123,168,189,168,174,165,141,120,81,68,57,78,56,41,26,23,22,19,31,36,44,69,77,78,64,79,73,89,66,59,72,80,101,97,119,123
Florida,0,1,0,0,0,0,0,0,0,0,0,0,0,0,1,1,1,0,0,1,3,6,14,11,13,6,3,4,4,10,21,19,9,8,8,5,9,14,17,18,18,12,18,18,25,20,19,15,21,29,34,22,19,10,11,5,3,3,2,1,6,13,10,11,14,20,20,19,14,14,19,27,29,25,20,21,16,19,23
Hualpen,67,24,18,15,13,11,3,4,9,10,14,14,15,14,16,18,26,26,31,34,65,70,128,122,136,99,127,119,92,89,91,75,87,100,116,152,162,180,198,225,243,238,234,219,229,161,131,109,130,132,135,88,80,67,90,87,78,53,65,74,78,113,145,156,160,147,143,149,131,137,124,124,124,130,138,223,238,271,304
Hualqui,4,5,6,5,10,7,2,0,0,1,2,4,6,11,18,16,11,9,8,8,23,46,59,53,41,23,24,21,32,28,30,24,29,46,72,71,71,78,59,64,67,63,73,54,56,43,40,30,24,22,15,18,20,23,29,24,28,18,16,17,16,17,18,21,17,18,24,22,27,23,37,45,37,43,36,39,49,42,52
Laja,0,1,1,1,4,6,6,5,3,11,29,34,31,25,15,10,11,8,8,10,13,18,26,42,31,27,29,21,22,20,22,21,20,15,9,6,7,8,8,5,3,3,6,11,15,14,15,9,9,21,25,21,35,58,64,29,26,21,23,25,31,14,5,3,1,4,13,20,26,19,15,24,29,47,36,41,15,16,27
Lebu,0,0,0,0,0,0,0,0,0,2,1,1,0,0,0,1,1,6,2,2,7,11,9,6,3,4,2,2,5,7,10,5,5,5,9,13,16,8,16,12,15,10,15,34,56,71,77,83,80,73,58,33,32,42,47,46,40,33,27,25,16,11,19,13,20,25,33,38,35,26,30,27,22,21,29,30,30,43,38
Los Alamos,0,0,0,0,1,0,0,0,0,0,0,0,0,1,1,0,1,1,2,4,9,36,50,49,33,24,19,13,13,20,26,22,18,13,23,37,28,20,17,20,24,38,48,54,54,54,44,40,46,67,71,61,52,46,69,51,42,26,13,13,15,15,15,25,18,18,14,4,7,8,18,13,14,26,34,69,74,52,33
Los Angeles,4,1,2,4,3,3,2,0,2,13,39,61,78,82,92,84,99,95,97,87,113,153,198,199,207,150,151,147,160,125,109,99,118,99,76,72,73,88,103,129,136,108,145,115,135,106,107,113,103,92,98,99,121,148,158,175,172,195,177,191,250,265,248,194,185,203,220,263,275,357,363,392,410,437,331,299,257,291,280
Lota,0,0,0,0,0,0,0,1,8,12,13,21,17,16,20,25,25,27,21,24,44,66,90,98,92,84,75,58,45,44,44,53,65,68,67,62,65,61,73,68,71,66,80,82,108,108,126,139,158,123,116,117,146,178,166,80,78,74,76,70,85,73,59,59,46,69,67,105,123,121,135,131,122,129,114,174,195,187,190
Mulchen,0,0,0,0,0,0,0,1,2,4,4,3,1,0,3,9,10,12,6,4,4,8,23,29,31,36,35,33,26,17,8,3,4,8,12,11,20,14,40,44,75,75,76,46,45,37,33,24,21,18,13,14,23,45,39,29,28,22,27,17,12,12,14,22,23,16,12,14,18,19,14,12,17,23,27,49,45,72,62
Nacimiento,4,5,3,2,1,0,0,2,5,9,8,8,8,10,11,11,6,7,7,17,21,36,41,35,36,33,27,19,10,4,4,5,3,6,7,7,11,14,25,37,37,25,37,29,35,29,24,17,13,16,13,11,21,29,30,18,17,26,32,18,17,33,24,17,21,38,43,43,39,27,39,44,61,65,59,47,37,35,46
Negrete,2,2,0,0,0,0,0,0,0,3,7,14,21,18,14,15,10,10,19,25,27,23,29,22,18,5,12,12,14,11,8,6,3,3,4,10,14,25,25,24,24,17,11,7,11,9,3,2,4,13,10,15,9,12,12,7,3,5,2,3,3,8,16,19,10,10,19,21,17,17,25,33,31,20,9,16,25,35,26
Penco,5,5,6,7,9,7,2,2,2,1,2,3,3,4,10,14,17,27,39,51,87,102,70,73,87,67,70,60,51,54,63,74,80,84,96,138,149,156,157,164,166,148,149,125,125,111,98,93,105,98,83,66,57,39,36,21,34,31,31,27,22,24,33,39,38,45,46,81,98,92,90,101,112,116,106,130,91,105,113
Quilaco,0,0,0,0,0,0,0,0,0,0,0,0,0,0,0,0,1,3,5,3,3,1,4,4,4,2,1,3,3,3,3,3,4,5,6,7,4,1,1,1,1,0,4,8,8,3,2,5,4,3,1,1,9,16,19,11,13,1,0,0,0,1,0,0,0,0,0,1,2,2,4,15,27,11,4,0,2,2,4
Quilleco,0,0,0,1,1,0,0,0,0,0,0,0,0,1,1,2,2,4,4,3,1,2,4,7,11,20,19,18,12,10,10,7,16,16,20,13,15,7,9,8,9,8,6,4,10,15,11,5,3,5,5,2,1,1,1,1,1,0,0,0,1,1,1,3,3,3,5,6,5,1,2,6,17,21,19,10,0,13,13
San Pedro de la Paz,29,17,14,13,15,10,3,5,6,9,12,13,21,29,63,65,58,57,67,93,124,151,155,122,112,122,116,118,118,115,116,121,119,126,126,136,150,140,161,180,226,259,243,239,243,218,174,157,150,124,137,155,170,182,189,131,130,129,126,136,125,174,208,208,220,260,250,222,182,148,178,223,240,248,229,256,249,281,288
San Rosendo,0,0,0,0,0,0,0,0,0,0,0,2,2,1,0,0,1,3,3,0,2,5,9,8,14,10,5,6,5,3,1,1,1,2,1,1,1,0,0,1,3,2,1,0,0,1,2,4,2,1,1,1,7,12,10,2,2,3,5,4,0,0,0,0,0,1,1,3,2,4,6,20,19,16,11,14,9,8,12
Santa Barbara,0,0,0,0,0,0,0,0,0,0,5,10,10,11,11,19,18,21,8,10,27,34,30,21,17,19,19,15,14,15,19,27,25,13,14,11,14,15,20,17,14,11,10,4,4,3,0,3,3,3,5,2,4,15,15,11,6,12,13,8,9,7,4,0,0,1,3,1,2,5,7,5,9,8,6,15,17,11,9
Santa Juana,0,0,0,0,1,1,1,0,0,0,0,0,0,0,0,1,2,6,13,16,31,24,17,14,8,6,7,6,12,12,11,6,5,4,7,8,10,9,9,23,24,30,43,39,31,17,17,17,9,11,14,13,16,12,14,9,6,13,14,9,7,23,25,18,16,18,17,12,9,8,7,11,9,7,8,6,2,10,16
Talcahuano,17,31,22,28,24,24,23,27,22,27,23,24,31,31,43,48,67,65,62,55,126,183,185,171,145,175,176,173,167,193,226,230,189,191,205,214,235,264,298,359,400,387,346,316,304,247,212,184,186,205,206,164,143,118,133,107,111,111,132,140,171,247,261,250,238,244,253,246,250,248,251,257,249,278,246,314,279,362,420
Tirua,1,0,0,0,0,0,0,0,0,0,0,0,0,0,0,0,0,0,2,3,7,10,15,14,7,1,0,0,0,0,1,1,2,3,4,7,7,6,2,2,2,2,0,8,11,11,6,3,0,0,1,3,5,4,12,15,12,10,8,6,5,3,2,0,2,4,8,9,25,37,60,109,118,94,66,72,46,34,29
Tome,27,17,14,10,12,10,3,1,1,14,17,17,9,6,6,9,17,25,46,44,85,95,80,64,37,25,15,18,21,37,37,57,77,88,104,126,140,164,158,153,173,166,153,126,109,82,98,111,123,105,92,75,91,103,121,83,88,58,49,56,61,63,55,58,60,55,65,56,50,56,60,78,81,69,62,78,63,68,94
Tucapel,1,0,1,0,0,0,0,0,0,0,0,3,3,6,4,7,17,23,29,25,19,24,51,51,41,23,18,10,13,9,8,6,9,5,7,7,9,4,7,5,8,4,6,4,4,9,7,11,12,4,4,8,29,35,35,16,6,3,1,10,5,6,2,0,0,0,1,9,11,6,1,1,7,10,6,8,8,5,5
Yumbel,0,0,0,1,1,1,0,1,4,6,4,3,1,5,8,11,13,11,6,9,21,44,43,45,35,58,71,55,30,8,5,10,12,26,24,22,20,7,7,5,5,2,5,8,7,6,9,16,12,13,11,35,52,52,52,55,46,53,50,52,54,36,29,27,13,15,9,14,25,33,55,40,27,32,31,18,10,13,19
Angol,12,17,14,25,34,38,41,29,18,14,12,9,6,12,21,26,29,28,57,84,79,68,53,37,46,55,50,41,22,29,32,43,35,27,40,36,39,19,22,27,26,37,45,40,51,47,47,44,56,55,47,43,64,66,67,37,18,14,27,60,78,83,75,52,35,40,77,99,126,113,125,145,90,78,89,83,96,76,80
Carahue,14,15,14,12,10,6,2,4,3,2,1,0,3,9,13,10,14,15,5,6,2,12,9,7,3,5,4,5,5,2,7,16,14,18,16,7,14,20,19,18,15,9,11,33,37,37,25,26,48,89,109,96,101,86,80,34,36,50,39,26,17,12,12,13,13,14,26,37,39,31,22,12,13,16,18,25,25,39,29
Cholchol,0,0,1,1,1,0,0,0,0,0,1,1,2,1,1,2,10,16,10,5,2,2,0,0,0,2,7,6,4,3,2,3,3,2,1,1,1,0,0,1,1,4,2,0,3,5,8,13,12,9,7,8,11,8,11,9,6,4,11,15,22,22,23,39,49,18,18,13,14,4,18,10,18,23,20,23,21,23,20
Collipulli,1,1,0,1,0,1,2,2,0,0,0,1,4,11,13,10,7,9,7,9,8,12,9,7,11,5,2,1,1,1,2,3,8,19,38,51,61,46,51,43,34,68,78,65,63,27,25,8,11,8,16,29,39,34,25,13,13,27,33,49,33,52,34,23,22,15,17,19,14,15,12,23,33,26,23,15,11,9,4
Cunco,1,2,1,0,0,0,0,0,1,1,1,2,13,18,20,13,4,8,14,15,10,4,7,7,5,6,7,16,17,9,10,6,4,3,5,11,14,27,21,12,8,3,1,3,3,2,3,12,11,21,16,8,8,23,34,14,19,26,18,11,22,15,4,5,7,8,12,9,11,10,9,10,9,12,11,14,10,15,21
Curacautin,3,2,2,0,1,1,1,2,1,1,1,1,0,0,0,1,1,1,2,9,10,7,0,0,2,2,2,7,5,5,0,2,4,1,0,1,1,6,5,3,3,0,0,0,0,0,0,1,3,1,1,1,1,1,1,4,3,9,10,27,23,21,15,7,9,8,6,5,12,8,6,6,4,12,10,10,8,29,31
Curarrehue,0,0,0,0,0,0,0,0,0,0,0,0,0,0,0,0,0,0,0,0,0,0,0,0,0,0,0,0,0,0,0,0,0,0,0,0,0,0,0,1,1,2,2,3,3,3,0,0,0,0,1,1,1,1,1,0,0,0,0,0,0,0,3,4,21,30,30,26,7,23,17,10,7,3,8,5,0,3,7
Ercilla,3,2,3,4,5,4,4,1,1,0,0,0,0,0,0,5,4,1,0,2,3,2,0,0,0,1,4,9,7,1,12,23,19,5,6,11,8,26,21,14,10,14,20,22,14,18,33,53,49,38,40,27,30,9,5,5,3,2,0,0,1,5,3,0,0,1,1,0,6,11,8,7,4,1,4,2,1,2,5
Freire,0,0,0,1,2,2,0,0,0,2,11,16,14,19,30,32,25,21,23,21,16,9,8,6,2,3,1,2,4,5,6,7,5,4,2,2,0,1,1,4,3,4,2,4,4,2,3,6,8,9,5,23,34,36,37,39,39,38,29,33,44,28,23,42,37,37,30,19,21,22,11,8,14,23,18,32,36,36,32
Galvarino,1,0,0,0,0,0,0,0,1,1,2,1,0,1,5,14,40,49,50,43,32,14,8,8,18,15,7,0,0,0,0,0,2,1,1,1,0,0,0,0,0,0,0,1,2,11,12,9,12,9,8,38,51,71,74,63,45,55,43,20,4,7,10,12,13,12,10,12,34,32,30,20,22,22,26,22,22,37,41
Gorbea,1,0,1,1,2,2,1,0,1,1,2,3,1,2,4,4,1,5,9,8,10,5,0,0,0,1,1,1,0,0,0,1,1,1,6,5,5,0,0,1,1,3,1,2,1,1,1,3,10,11,12,19,16,12,15,7,20,47,49,34,19,13,13,11,5,2,7,11,11,20,24,16,17,15,10,15,19,25,35
Lautaro,13,10,4,7,5,7,2,2,7,15,14,10,8,7,9,20,22,20,14,11,12,10,13,9,11,5,4,7,12,20,23,28,22,10,9,13,13,25,25,31,25,11,14,9,7,10,14,36,43,34,42,48,45,47,54,30,34,49,42,87,88,84,68,59,53,65,83,90,73,84,79,74,73,85,76,75,46,46,31
Loncoche,4,3,3,3,0,1,5,4,2,3,2,2,2,1,14,17,20,17,4,1,13,13,12,16,19,4,4,2,2,1,2,1,1,0,0,0,0,0,0,0,0,1,7,17,27,23,19,43,43,45,47,47,34,18,18,3,1,3,2,4,3,1,2,8,15,6,5,13,13,18,16,16,19,17,16,23,37,39,36
Lonquimay,0,0,0,0,0,0,0,0,5,7,13,17,33,27,22,5,2,0,0,0,0,3,3,3,0,0,0,0,0,0,0,0,0,0,0,0,0,0,0,1,1,1,1,7,22,26,18,14,24,12,8,11,10,14,11,2,1,0,0,0,2,3,3,3,2,4,1,2,3,11,11,6,4,9,22,26,32,30,21
Los Sauces,0,0,0,0,0,0,0,0,0,0,0,0,0,0,1,1,3,4,3,2,1,1,1,1,9,5,4,2,2,1,2,16,30,27,22,4,0,0,0,1,1,1,0,0,3,3,3,4,3,4,3,7,12,9,6,0,1,2,2,1,2,6,18,24,14,12,13,35,61,46,14,10,3,12,26,21,8,8,3
Lumaco,0,0,0,0,0,1,5,2,1,1,0,0,1,1,0,3,5,3,1,1,11,7,12,8,5,3,3,3,1,1,0,0,0,0,0,1,2,2,1,0,0,1,0,0,1,2,6,2,2,7,8,5,3,5,4,5,5,6,4,8,7,7,8,14,30,22,14,7,6,16,18,34,29,22,29,15,31,25,30
Melipeuco,0,0,0,0,0,0,0,0,0,0,0,0,0,3,5,5,4,3,2,1,0,0,0,0,1,2,2,2,2,0,0,0,0,1,1,1,0,1,2,5,7,5,6,11,10,9,1,1,1,0,2,2,4,2,1,0,0,8,11,19,12,7,5,2,1,1,0,0,0,1,1,2,1,2,2,1,0,0,1
Nueva Imperial,8,11,11,12,9,8,4,3,2,4,11,9,5,6,3,2,2,9,25,29,27,24,12,13,13,8,2,0,1,3,4,3,3,8,8,5,10,15,11,9,19,12,7,10,26,26,22,20,18,21,23,28,31,43,42,29,35,20,25,29,21,16,17,22,19,16,22,36,26,14,13,38,47,29,26,31,27,35,46
Padre Las Casas,19,15,11,20,16,21,12,8,2,1,9,12,18,21,16,17,21,14,4,4,8,7,3,5,9,21,18,14,9,13,15,12,11,7,8,13,22,15,21,8,11,10,25,39,52,38,26,29,30,40,44,77,88,103,127,127,126,115,109,111,116,116,111,102,108,131,120,146,126,116,94,89,90,135,133,130,92,111,117
Perquenco,1,0,1,3,3,2,0,0,0,0,0,0,0,0,0,0,5,5,8,7,4,8,8,13,13,5,2,3,3,2,2,0,0,0,0,11,13,15,11,14,19,26,17,7,9,11,5,3,3,3,4,11,16,35,26,5,8,17,21,23,12,9,12,13,8,9,22,7,6,22,15,10,6,43,40,52,28,21,22
Pitrufquen,4,3,0,1,1,1,0,0,0,0,0,2,7,13,20,23,28,19,16,10,4,4,17,20,11,4,2,0,0,2,2,3,5,5,6,3,1,2,4,10,18,17,15,5,4,2,5,14,10,12,11,23,25,16,12,13,28,29,32,28,15,8,6,6,6,6,7,12,13,16,20,36,30,24,14,21,22,19,28
Pucon,1,2,5,2,1,3,2,1,2,1,2,3,2,7,10,16,22,20,13,10,9,7,9,7,7,3,2,8,8,6,5,6,7,7,4,3,1,0,0,1,3,4,3,2,1,0,0,2,3,1,14,35,31,27,38,25,28,17,10,17,10,12,11,19,19,19,20,23,23,23,25,26,26,34,31,33,31,37,38
Puren,0,0,0,0,0,0,1,1,1,2,1,1,0,0,1,2,2,0,0,0,5,10,6,6,4,1,2,5,4,5,4,2,2,3,2,2,1,0,0,0,0,0,1,3,0,0,1,2,1,4,4,1,0,1,1,1,1,8,10,6,6,16,13,10,8,3,4,11,14,21,11,10,8,10,17,16,9,7,9
Renaico,1,1,0,1,2,2,0,1,6,6,4,3,5,7,4,6,3,3,1,4,5,9,20,19,5,1,4,5,0,0,4,8,6,0,0,0,0,0,0,1,2,11,13,13,12,9,8,10,19,17,16,23,24,41,33,7,4,0,0,1,4,3,3,5,4,6,14,33,22,20,11,10,5,15,10,20,28,35,38
Saavedra,0,0,1,6,11,6,13,17,15,18,22,23,22,17,13,10,5,8,5,8,6,4,0,0,0,2,3,3,1,0,0,0,0,0,0,0,0,0,0,0,2,12,11,10,8,3,2,11,15,33,41,46,42,32,32,21,17,19,15,13,11,19,14,10,4,7,8,19,13,15,7,11,13,19,15,33,52,57,33
Temuco,150,119,106,113,83,59,38,29,35,48,58,74,60,55,36,32,23,22,21,30,36,44,47,47,64,73,73,67,57,63,67,77,101,116,101,64,44,54,57,54,55,70,95,106,130,144,144,193,240,257,346,374,394,384,473,381,429,455,454,481,478,448,437,445,429,420,352,332,302,245,270,300,325,342,309,413,401,517,532
Teodoro Schmidt,1,1,1,0,1,1,0,0,0,0,0,0,2,1,3,4,4,0,0,1,13,21,10,9,2,1,1,1,0,0,0,0,0,0,0,0,0,0,0,0,0,1,1,14,18,24,38,31,35,40,47,42,38,20,9,5,3,2,2,7,9,16,15,7,9,11,6,7,7,1,0,1,11,10,4,6,12,22,17
Tolten,3,1,0,0,0,0,0,0,0,0,0,0,0,6,6,5,3,1,0,0,0,0,0,0,0,2,2,0,0,0,0,1,1,1,1,0,0,0,0,0,0,0,0,0,5,15,5,6,3,3,3,3,4,4,5,5,6,2,0,2,5,11,21,31,22,16,18,11,8,7,5,2,5,8,7,21,26,29,30
Traiguen,2,1,1,1,1,1,0,0,0,0,1,3,5,5,2,1,4,8,9,9,13,8,11,11,13,6,4,0,0,5,7,11,11,1,3,4,4,2,0,0,1,1,1,0,1,1,2,2,2,4,4,12,11,8,11,11,6,2,8,25,33,45,30,18,4,2,0,5,8,12,15,10,16,13,16,15,17,16,23
Victoria,6,1,1,15,39,40,35,25,15,6,4,2,2,5,10,12,19,17,23,32,31,12,1,1,9,7,7,7,9,16,21,17,14,14,11,7,6,19,19,19,14,12,13,9,13,12,16,14,19,22,34,28,30,19,29,32,23,23,18,11,25,41,36,19,13,20,24,33,36,31,25,23,28,43,32,27,33,81,117
Vilcun,10,8,6,8,4,2,4,3,6,3,8,10,9,11,19,23,11,10,8,8,5,4,9,15,7,7,11,10,6,8,14,16,15,9,11,20,24,26,22,11,7,7,5,7,5,6,6,5,7,7,18,22,28,27,28,20,32,29,23,30,26,24,10,15,24,17,10,10,14,23,34,39,63,59,34,24,33,22,26
Villarrica,5,5,3,1,0,0,1,1,1,2,1,2,1,2,3,9,6,8,7,15,22,21,26,25,15,3,3,3,3,2,4,4,1,1,3,2,3,1,1,0,0,3,5,26,30,37,22,29,35,51,90,138,122,132,120,89,68,65,97,80,23,26,25,27,31,35,32,38,41,47,42,57,82,84,69,50,50,57,45
Corral,0,1,1,1,1,0,0,0,1,2,10,9,8,4,2,2,0,5,7,7,3,3,2,1,1,2,2,1,0,0,0,0,0,0,0,0,0,0,0,0,0,0,0,0,0,0,1,1,9,13,16,14,11,8,7,15,19,19,11,6,0,2,2,0,1,5,7,2,2,1,0,0,0,0,2,20,22,18,6
Futrono,1,0,0,0,0,0,0,0,0,0,0,2,10,18,21,20,11,13,16,15,5,4,2,1,1,2,1,1,0,0,0,0,0,0,0,0,1,1,1,0,0,0,0,1,2,4,2,1,4,6,9,13,10,8,12,5,11,20,36,35,25,25,30,21,23,46,43,25,3,6,6,5,9,13,16,22,27,68,74
La Union,9,6,6,6,5,7,5,6,3,2,1,2,2,2,1,2,5,8,9,15,16,15,12,10,10,5,7,11,11,10,9,4,4,6,7,5,3,0,0,3,3,6,10,8,15,13,20,32,35,39,33,42,53,53,64,40,57,67,84,85,81,71,80,81,86,54,52,47,55,58,54,49,54,63,42,78,113,159,186
Lago Ranco,0,0,0,0,0,0,0,0,0,0,0,0,0,0,0,0,0,0,0,0,0,0,4,5,4,0,0,0,0,0,0,0,0,0,0,1,1,0,0,0,0,0,0,0,8,9,10,3,5,5,5,2,2,2,10,26,33,48,51,40,23,17,8,16,15,9,6,5,8,12,7,9,14,15,9,13,16,18,25
Lanco,1,2,2,1,1,1,1,1,3,2,2,0,0,0,0,0,0,1,6,11,13,8,4,2,1,0,0,1,1,0,0,0,2,2,2,1,0,6,10,9,9,9,15,23,33,37,29,17,14,22,29,29,30,20,27,15,17,16,15,12,14,40,37,38,22,28,33,23,18,31,51,57,41,28,19,9,3,10,11
Los Lagos,0,0,0,0,0,0,0,0,0,0,0,0,0,2,18,21,15,11,14,32,30,22,4,1,0,1,1,0,0,0,0,0,0,0,0,0,0,0,1,1,1,2,4,5,7,2,4,3,2,2,4,10,20,24,29,22,12,18,35,46,42,50,53,62,49,38,31,26,18,13,11,24,48,58,63,64,36,59,83
Mafil,0,0,0,0,1,1,0,0,0,0,0,0,1,1,0,0,0,0,3,11,14,11,1,0,0,0,0,0,0,0,9,9,7,0,0,3,6,4,2,1,2,2,2,16,23,21,13,5,3,2,5,5,5,3,3,1,0,0,1,3,7,3,5,6,2,1,0,1,1,4,5,8,5,9,7,11,8,30,61
Mariquina,6,3,1,0,0,0,0,0,0,2,3,3,4,3,3,3,2,1,1,0,2,2,2,1,1,1,1,11,13,13,6,4,2,1,1,0,0,2,6,7,6,11,14,15,16,5,4,4,5,10,14,18,24,24,32,20,18,9,6,8,6,19,15,8,9,13,9,12,16,47,53,35,30,22,21,21,13,19,27
Paillaco,0,0,0,0,0,0,0,0,0,0,0,0,3,20,20,13,5,2,0,0,1,2,3,3,2,3,2,1,1,1,4,5,4,4,0,0,0,1,1,2,1,2,3,5,6,7,8,14,30,52,54,50,42,41,42,22,5,4,13,16,15,11,12,20,34,39,29,42,40,25,20,16,15,12,9,22,28,30,50
Panguipulli,1,0,0,1,0,0,0,0,0,0,0,0,2,5,6,6,13,23,16,15,5,11,13,11,6,5,7,9,8,2,0,0,1,1,2,4,4,0,0,2,12,27,31,35,49,56,70,54,54,41,53,35,27,14,15,14,16,27,26,20,24,38,47,63,66,69,51,34,24,19,10,20,38,46,29,40,26,37,34
Rio Bueno,4,1,1,1,1,2,4,3,1,1,0,0,1,2,2,3,2,2,1,1,1,3,5,4,5,5,4,2,0,3,4,4,5,9,16,17,14,10,11,14,14,13,17,29,25,15,15,29,38,48,55,55,59,65,63,30,24,16,16,14,12,37,50,56,37,37,30,35,44,46,43,69,71,67,37,50,55,58,82
Valdivia,25,21,18,15,8,5,5,10,7,3,2,3,24,29,34,25,23,26,20,22,42,54,65,70,66,46,41,58,67,58,52,44,39,42,48,58,49,36,39,35,30,38,49,64,93,92,89,116,167,233,254,240,242,197,211,202,180,192,253,311,336,374,368,366,339,330,323,378,375,352,380,416,371,346,272,408,440,537,626
Ancud,3,3,3,8,5,4,2,6,13,37,34,34,41,25,12,10,2,2,3,7,5,3,8,5,7,0,0,4,6,5,9,4,5,6,2,2,1,0,0,0,1,2,1,1,2,1,4,2,5,7,19,24,25,22,14,14,24,28,48,86,90,86,106,120,98,81,72,79,63,66,61,62,61,79,86,105,95,138,171
Calbuco,2,0,1,1,1,1,0,0,0,1,1,1,1,0,0,0,0,0,1,1,2,12,33,43,54,53,53,53,45,34,30,23,25,58,50,75,45,54,44,30,24,19,27,24,27,18,29,40,41,46,42,64,55,53,54,76,90,124,143,114,97,109,132,127,140,122,118,82,80,59,65,69,55,93,90,111,144,227,193
Castro,5,4,3,0,0,0,1,0,0,0,1,1,1,0,0,0,0,0,1,1,1,0,0,0,0,0,1,0,0,5,14,16,18,12,6,5,2,1,1,1,2,1,1,5,12,27,24,17,25,13,17,13,14,15,32,47,46,91,109,90,70,86,77,85,90,96,77,53,40,48,52,31,25,43,39,81,84,109,107
Chaiten,0,0,0,0,0,0,0,0,0,0,0,0,0,0,0,0,0,0,0,0,0,0,0,0,0,0,9,11,9,1,0,0,1,1,1,0,3,3,3,0,0,0,0,0,0,0,0,0,0,0,0,0,0,1,0,0,0,0,0,0,0,0,0,0,0,0,0,1,1,1,0,0,2,0,0,0,1,1,7
Chonchi,0,0,0,0,0,0,0,0,0,0,0,0,0,0,0,0,0,0,0,0,0,0,0,0,1,1,0,0,0,0,0,0,0,0,0,0,0,0,0,0,0,0,0,0,0,0,3,5,7,5,4,11,26,78,93,105,92,79,65,77,67,40,44,39,36,26,26,18,22,22,25,25,15,19,17,33,48,65,79
Cochamo,0,0,1,1,0,0,0,0,0,0,0,0,0,0,0,0,0,0,0,0,0,0,4,4,6,3,0,2,1,5,2,2,2,3,2,1,1,1,0,0,0,0,2,3,3,2,2,1,0,0,0,0,0,0,0,2,3,3,2,1,3,3,3,1,0,1,10,9,8,4,0,1,0,5,8,8,3,8,22
Curaco de Velez,0,0,0,0,0,0,0,0,0,0,0,0,0,0,0,0,0,0,0,0,0,0,8,11,14,9,4,3,2,0,0,0,0,0,0,0,0,0,0,0,0,0,0,0,0,0,0,0,0,0,0,0,0,0,0,1,1,3,2,4,3,2,3,9,10,5,3,3,3,6,13,12,17,13,13,16,13,21,24
Dalcahue,0,0,0,0,0,0,0,0,0,0,0,0,1,4,2,2,0,0,0,1,1,1,0,0,0,0,0,0,0,0,0,0,1,1,1,0,0,0,2,0,0,0,0,2,6,6,8,5,4,0,1,3,3,8,13,21,33,36,41,55,38,23,23,26,23,19,16,12,17,25,32,35,29,32,47,58,55,71,100
Fresia,0,0,0,1,0,0,0,0,0,0,0,0,0,0,0,0,0,0,1,2,9,6,2,2,13,12,3,0,3,5,9,25,25,30,28,22,19,14,30,30,19,2,4,3,2,8,13,16,30,34,59,55,59,50,50,23,16,9,8,12,6,4,9,10,1,3,11,14,10,31,31,34,22,33,29,25,19,46,68
Frutillar,4,4,2,2,0,0,0,0,0,0,1,1,0,2,4,5,3,1,1,3,6,31,32,41,46,75,68,47,10,6,8,17,28,32,37,61,55,60,53,34,16,32,34,33,26,13,20,58,74,94,82,62,65,48,43,19,16,13,11,13,16,24,23,15,11,9,19,25,28,30,27,34,36,57,44,57,58,55,75
Futaleufu,0,0,0,0,0,0,0,0,0,0,0,0,1,1,1,0,0,0,0,0,0,0,0,0,0,0,0,0,0,0,0,0,0,0,0,0,0,0,0,0,0,0,1,1,0,0,0,0,0,0,0,0,0,0,0,1,2,1,0,0,0,0,0,0,0,1,1,2,1,1,0,0,0,0,0,0,0,1,1
Hualaihue,0,0,0,0,0,0,0,0,0,0,0,0,0,0,0,0,1,1,0,0,1,3,7,5,3,2,2,1,1,6,6,3,0,0,0,0,2,5,8,9,4,1,2,10,14,18,19,11,8,3,10,18,28,33,41,31,34,46,54,68,45,31,30,21,10,9,12,15,10,9,0,3,4,3,3,7,13,34,51
Llanquihue,1,0,1,0,0,0,0,0,0,5,5,5,3,0,0,0,0,0,2,2,18,52,38,23,41,23,26,6,6,10,33,44,46,45,44,36,25,25,38,36,29,17,16,16,19,32,30,12,23,25,31,34,40,35,38,47,37,23,12,17,19,22,13,7,8,12,26,26,11,13,20,34,30,40,35,30,44,61,84
Los Muermos,0,0,0,0,0,0,0,0,0,1,1,1,0,0,0,0,0,0,1,1,2,11,12,8,8,18,14,7,4,7,12,17,15,21,20,27,28,12,13,15,26,30,33,25,27,30,35,20,17,46,54,54,60,45,41,44,49,45,47,37,27,24,22,24,35,25,19,17,17,17,20,26,19,10,19,24,37,46,52
Maullin,1,1,2,1,0,0,0,0,0,0,0,2,13,14,10,8,1,0,0,0,2,2,4,5,13,21,17,19,16,15,18,20,24,38,34,36,41,45,42,56,75,80,80,58,74,101,111,92,73,44,35,23,24,19,25,23,17,38,47,62,55,47,34,35,40,45,39,32,31,26,36,27,33,34,27,36,31,44,76
Osorno,63,44,39,34,27,24,23,25,22,24,26,19,18,11,13,25,43,37,30,28,39,30,20,11,19,30,45,47,54,64,84,93,129,164,202,180,168,127,127,133,162,154,164,123,108,107,150,166,238,300,326,337,388,380,407,283,226,173,169,185,243,291,293,209,224,245,203,153,140,165,150,167,207,223,206,240,276,354,465
Palena,0,0,0,0,0,0,0,0,0,0,0,0,0,0,0,0,0,0,0,0,0,0,0,0,0,0,0,0,0,0,0,0,0,0,0,0,1,0,0,0,0,0,0,0,0,0,0,0,0,0,0,0,0,0,0,0,0,0,0,0,0,0,0,0,0,0,0,0,1,2,1,1,0,0,0,0,0,0,0
Puerto Montt,11,10,7,8,5,4,1,0,0,2,9,10,32,48,50,52,77,77,77,104,116,133,156,162,233,261,290,373,350,410,513,569,578,518,527,432,386,335,324,237,244,271,331,290,305,254,274,307,387,385,413,424,466,509,564,425,433,429,464,398,383,464,489,471,415,395,359,353,346,369,387,455,491,566,540,681,727,952,1129
Puerto Octay,0,0,0,0,1,3,3,0,2,2,2,2,0,0,0,0,0,0,0,0,0,1,0,3,3,1,0,0,0,0,0,2,10,31,27,15,10,14,23,23,22,15,22,30,30,29,20,11,7,7,10,12,21,17,18,9,9,7,10,18,25,14,21,17,17,10,7,12,7,4,3,4,2,8,22,28,10,19,35
Puerto Varas,4,3,4,2,0,0,0,0,0,0,0,1,3,6,7,5,13,17,19,22,19,13,15,17,16,14,11,18,15,25,28,22,36,65,72,60,38,24,30,34,42,33,47,45,56,33,33,25,27,43,60,68,70,71,81,33,31,40,37,70,75,99,86,73,62,42,52,53,46,50,55,58,64,81,84,105,108,122,131
Puqueldon,0,0,0,0,0,0,0,0,0,0,0,0,0,0,0,0,0,0,0,0,0,0,0,0,0,0,0,0,0,0,0,0,0,0,0,0,0,0,0,0,0,0,0,0,1,1,1,0,0,0,0,1,1,7,6,0,0,0,10,16,27,22,29,31,18,19,9,3,3,3,4,3,4,5,18,23,29,10,26
Purranque,13,8,5,2,1,1,2,2,5,4,6,4,5,7,26,29,27,15,3,2,0,0,1,1,5,6,3,0,2,7,7,5,6,12,23,23,25,32,38,32,35,34,25,30,28,17,21,21,17,18,26,50,86,91,105,64,56,53,49,37,24,12,11,21,24,14,14,20,11,29,39,45,44,45,55,37,45,46,52
Puyehue,1,0,0,0,0,1,2,1,2,2,2,0,0,0,0,2,1,1,0,1,3,0,0,0,0,1,3,3,0,3,1,1,6,5,8,9,10,11,14,20,18,13,12,5,3,1,3,6,13,22,38,40,42,18,21,23,27,18,11,7,5,5,2,2,2,3,3,1,0,4,5,6,5,6,8,3,3,15,20
Queilen,0,0,0,0,0,0,0,0,0,0,0,0,0,0,0,0,0,0,0,0,0,0,0,0,0,0,0,0,0,1,0,0,0,0,0,0,0,0,0,0,0,0,0,1,1,1,0,0,0,0,0,0,0,3,4,11,16,15,8,9,7,10,14,26,56,42,9,13,16,6,4,1,2,3,6,4,2,11,8
Quellon,0,0,0,0,0,0,0,1,1,1,1,0,0,0,0,0,0,0,0,0,0,4,3,1,0,1,1,1,1,1,2,1,1,1,0,0,0,0,0,0,0,0,0,0,0,0,0,0,0,0,0,2,3,43,50,14,18,13,8,8,5,15,6,17,18,22,12,21,32,41,33,25,13,19,22,31,61,125,143
Quemchi,0,0,0,0,0,0,0,0,0,0,0,0,4,5,4,11,8,6,1,0,0,0,0,0,0,0,0,0,0,0,0,0,0,0,0,0,0,0,0,2,2,0,0,1,1,1,0,0,0,0,0,0,11,16,21,16,21,21,29,29,24,14,14,24,28,34,32,14,10,10,9,7,12,17,13,18,9,30,45
Quinchao,0,0,0,0,0,0,0,0,0,0,0,0,0,0,0,0,0,0,0,1,1,1,0,0,0,0,0,0,0,2,0,0,1,1,1,0,0,0,0,0,0,0,0,0,0,0,0,0,1,3,3,2,0,0,0,0,1,4,6,6,5,12,9,8,21,29,21,24,31,26,19,25,37,34,23,31,31,34,40
Rio Negro,2,2,1,0,1,1,6,6,5,4,9,8,6,5,6,6,5,1,0,0,1,2,1,2,3,5,3,4,4,2,2,3,6,6,9,11,9,12,11,10,13,11,10,7,4,5,11,30,46,68,72,79,91,51,40,31,24,17,12,10,16,18,14,8,5,11,15,12,7,4,9,16,15,11,19,16,30,17,15
San Juan de la Costa,13,5,4,3,8,9,8,8,3,7,7,7,4,1,0,0,0,0,6,7,5,1,0,0,0,0,0,1,1,0,0,3,11,9,9,4,4,6,5,2,2,4,8,8,3,7,29,48,73,70,72,53,68,44,46,43,44,39,27,21,14,9,24,24,11,6,18,23,17,7,7,7,17,16,5,8,6,5,10
San Pablo,4,4,1,2,2,2,0,1,0,0,0,1,1,1,1,1,1,0,0,0,0,0,0,0,1,1,3,1,1,0,1,2,4,4,5,7,7,8,6,4,5,3,2,1,4,6,9,8,12,20,25,23,28,31,35,21,20,12,17,13,11,7,13,19,18,15,11,5,3,2,11,12,12,17,13,20,21,14,18
Aysen,1,0,0,0,0,0,0,0,0,0,0,0,0,0,3,3,2,1,0,2,4,4,4,4,5,5,11,21,18,11,12,8,8,8,13,9,11,4,5,2,2,0,2,3,4,2,6,2,4,6,6,3,2,2,6,5,5,4,10,12,11,15,14,12,17,11,11,7,3,3,4,1,8,10,9,14,12,54,117
Chile Chico,1,0,0,0,0,0,0,0,0,0,0,0,0,0,0,0,0,0,0,0,0,0,0,0,0,0,0,0,0,0,0,0,0,0,0,0,0,0,0,0,0,0,0,0,0,0,0,1,1,1,2,1,1,1,10,21,18,7,2,5,9,3,0,1,0,0,0,0,0,0,0,0,2,15,23,24,14,19,12
Cisnes,0,0,0,0,0,0,0,0,0,0,0,0,0,0,0,0,0,0,0,0,0,0,0,0,0,0,0,0,0,0,0,0,0,0,0,0,0,0,0,0,0,0,0,0,0,0,0,0,0,0,0,0,1,1,1,25,29,21,12,6,0,0,0,0,3,8,14,11,11,11,9,5,4,5,5,7,5,9,7
Cochrane,0,0,0,0,0,0,0,0,0,0,0,0,0,0,0,0,0,0,0,0,0,0,0,0,0,0,0,0,0,0,0,0,0,0,0,0,0,0,0,0,0,0,0,0,0,0,0,0,0,0,0,0,0,0,0,0,0,0,0,1,1,0,0,0,0,0,0,4,3,1,0,0,0,4,12,27,31,18,5
Coyhaique,0,0,0,0,0,0,0,0,1,1,1,1,0,2,4,5,4,4,2,4,4,1,12,11,9,1,1,2,2,0,0,2,6,5,5,1,1,0,1,13,20,19,22,15,36,50,78,105,97,191,206,197,200,213,217,111,66,51,44,63,47,42,34,39,38,28,25,22,24,37,34,45,63,74,73,84,73,59,72
Guaitecas,0,0,0,0,0,0,0,0,0,0,0,0,0,0,0,0,0,0,0,0,0,0,0,0,0,0,0,0,0,0,0,0,0,1,1,1,1,0,0,0,0,0,0,0,0,0,0,0,0,1,1,1,1,0,0,0,0,0,0,0,0,0,1,1,0,0,0,0,0,0,0,0,0,0,0,0,0,0,0
Lago Verde,0,0,0,0,0,0,0,0,0,0,0,0,0,0,0,0,0,0,0,0,0,0,0,0,0,0,0,0,0,0,0,0,0,0,0,0,0,0,0,0,0,0,0,0,0,0,0,0,0,0,0,0,0,0,0,0,0,0,0,0,0,0,0,0,0,0,0,0,0,0,0,0,0,0,0,0,0,0,0
OHiggins,0,0,0,0,0,0,0,0,0,0,0,0,0,0,0,0,0,0,0,0,0,0,0,0,0,0,0,0,0,0,0,0,0,0,0,0,0,0,0,0,0,0,0,1,0,0,0,0,0,0,0,0,0,0,0,0,0,0,0,0,0,0,0,0,0,0,0,0,3,4,1,0,0,0,3,3,1,1,0
Rio Ibanez,0,0,0,0,0,0,0,0,0,0,0,0,0,0,0,0,0,0,0,0,0,0,0,0,0,0,0,0,0,0,0,0,0,0,0,0,0,0,0,0,0,0,0,0,0,0,0,0,1,3,3,3,6,4,3,0,0,0,0,0,0,0,0,0,0,0,0,0,0,0,0,0,0,0,0,0,0,1,2
Tortel,0,0,0,0,0,0,0,0,0,0,0,0,0,0,0,0,0,0,0,0,0,0,0,0,0,0,0,0,0,0,0,0,0,0,0,0,0,0,0,0,0,0,0,0,0,0,0,0,0,0,0,0,0,0,0,0,0,0,0,0,0,0,0,0,0,0,0,0,0,0,0,0,0,0,0,0,0,0,1
Antartica,0,0,0,0,0,0,0,0,0,0,0,0,0,0,0,0,0,0,0,0,0,0,0,0,0,0,0,0,0,0,0,0,0,0,0,0,0,0,0,0,0,0,0,0,0,0,0,0,0,0,0,0,0,0,0,0,0,0,0,0,0,0,0,0,0,0,0,0,0,0,0,0,0,22,21,8,3,0,0
Cabo de Hornos,3,1,1,1,0,0,0,0,0,1,1,1,0,1,1,1,1,0,0,0,0,0,0,1,1,0,0,0,0,0,0,0,0,0,0,0,0,1,1,2,1,2,1,4,4,0,0,0,0,0,0,0,13,16,20,2,0,0,1,3,4,1,5,2,6,7,4,13,62,59,56,31,18,16,7,12,2,14,7
Laguna Blanca,0,0,0,0,0,0,0,0,0,0,0,0,0,0,0,0,0,0,0,0,0,0,0,0,0,0,0,0,0,0,0,0,0,0,0,0,0,0,0,0,0,0,0,0,0,0,0,1,3,5,5,4,1,2,2,0,1,0,0,0,0,0,0,0,0,0,0,0,0,0,0,0,0,0,0,0,0,0,0
Natales,1,0,1,1,0,0,0,0,1,1,0,1,2,2,2,1,0,0,0,0,0,2,19,21,21,10,9,3,2,1,1,2,2,3,3,4,5,6,9,15,18,25,59,84,164,201,212,202,213,235,186,204,244,246,252,178,185,184,205,199,141,110,105,131,124,118,88,104,115,156,137,90,85,94,80,117,135,161,158
Porvenir,1,0,1,4,2,2,0,0,1,1,1,1,0,0,0,0,0,0,0,0,1,0,0,0,0,0,0,0,0,0,0,0,0,0,0,7,13,16,32,33,38,21,23,20,52,55,63,60,85,66,86,75,93,85,61,22,18,15,19,23,18,11,13,13,19,19,20,14,8,9,14,19,25,24,16,25,19,45,43
Primavera,0,0,1,1,1,0,0,0,0,0,0,0,0,0,0,0,0,0,1,1,1,1,1,1,0,0,0,0,0,0,0,0,0,0,0,2,2,0,2,3,3,1,2,4,6,4,2,0,1,1,0,1,0,1,1,1,1,0,0,0,0,0,0,1,0,0,5,5,6,2,4,2,3,1,2,5,5,6,3
Punta Arenas,207,179,173,181,147,126,96,116,146,136,107,96,64,65,67,52,38,37,42,109,145,168,113,111,80,74,89,103,97,72,70,127,173,236,303,337,379,476,669,810,966,1026,1354,1164,1301,1154,1255,1246,1404,1308,1443,1371,1298,865,753,410,413,357,342,371,412,359,372,374,371,438,456,398,378,374,423,420,409,385,324,401,402,520,474
Rio Verde,0,0,0,0,0,0,0,0,0,0,0,0,0,0,0,0,0,0,0,0,0,0,0,0,0,0,0,0,0,0,0,0,0,0,0,0,0,0,0,0,0,0,0,0,0,1,1,0,0,0,0,0,0,0,0,0,0,0,0,1,1,0,0,0,0,0,0,0,0,0,0,0,0,0,0,0,0,0,0
San Gregorio,0,0,0,0,0,0,0,0,1,1,2,1,2,0,0,0,0,0,0,0,0,0,0,0,0,0,0,0,0,0,0,0,0,0,0,0,0,0,0,0,0,0,0,0,0,0,0,0,0,4,4,6,5,6,4,0,1,1,1,0,4,4,3,3,0,0,0,0,0,0,1,1,2,0,0,8,11,13,5
Timaukel,0,0,0,0,0,0,0,0,0,0,0,0,0,0,0,0,0,0,0,0,0,0,0,0,0,0,0,0,0,0,0,0,0,0,0,0,0,0,0,0,0,0,0,0,0,0,0,1,2,0,3,3,3,1,1,6,5,1,0,0,0,0,0,0,0,0,0,0,0,0,0,0,1,0,0,0,0,0,0
Torres del Paine,0,0,0,0,0,0,0,0,0,0,0,0,0,0,0,0,0,0,0,0,0,0,0,0,1,0,0,0,0,0,0,0,0,0,0,0,0,0,0,0,0,0,0,0,0,0,0,0,0,0,0,0,0,0,0,0,0,0,0,0,1,1,0,0,0,0,0,0,0,1,1,1,0,0,0,0,1,3,3
